Iteration,Gamma,Beta,Energy,Wall Time,Ratio2Expt,ImprovOvRand
0,[0.30651129 1.35251287 0.64482341],[ 0.27921524 -0.48376224  0.91652268],11.629535599173733,1.2567379474639893,-0.7268459749483583,-0.7268459749483583
1,[0.30633724 1.35290457 0.64398238],[ 0.27639324 -0.4879633   0.91633285],11.237888579976286,1.2026729583740234,-0.7023680362485178,-0.7023680362485178
2,[0.30618136 1.35324566 0.64316068],[ 0.27355163 -0.4922873   0.91611269],10.836320199420413,1.1630938053131104,-0.6772700124637758,-0.6772700124637758
3,[0.30604282 1.35353244 0.64236078],[ 0.27069899 -0.4967258   0.91586479],10.42627215589512,1.162809133529663,-0.651642009743445,-0.651642009743445
4,[0.30592072 1.35376173 0.64158511],[ 0.26784403 -0.50126888  0.91559189],10.009354912664145,1.217303991317749,-0.6255846820415091,-0.6255846820415091
5,[0.30581409 1.35393095 0.64083614],[ 0.26499547 -0.50590517  0.91529687],9.587325013801435,1.1319589614868164,-0.5992078133625897,-0.5992078133625897
6,[0.30572196 1.35403818 0.64011628],[ 0.26216186 -0.51062198  0.9149826 ],9.16205760440078,1.2159168720245361,-0.5726286002750488,-0.5726286002750488
7,[0.30564333 1.35408215 0.63942787],[ 0.25935148 -0.51540539  0.914652  ],8.735514738084392,1.133713960647583,-0.5459696711302745,-0.5459696711302745
8,[0.30557722 1.35406235 0.6387732 ],[ 0.25657218 -0.52024042  0.91430792],8.309710196862639,1.2435600757598877,-0.5193568873039149,-0.5193568873039149
9,[0.30552264 1.35397896 0.63815445],[ 0.25383131 -0.52511127  0.91395313],7.886671696903573,1.1554338932037354,-0.4929169810564733,-0.4929169810564733
10,[0.30547864 1.35383287 0.6375737 ],[ 0.25113557 -0.53000152  0.91359026],7.468401512660559,1.2725050449371338,-0.46677509454128496,-0.46677509454128496
11,[0.30544434 1.35362564 0.63703286],[ 0.24849097 -0.53489442  0.91322177],7.05683671436444,1.156498908996582,-0.4410522946477775,-0.4410522946477775
12,[0.30541886 1.35335944 0.63653368],[ 0.24590277 -0.53977315  0.91284992],6.653810361165678,1.2198340892791748,-0.41586314757285486,-0.41586314757285486
13,[0.30540139 1.35303697 0.63607774],[ 0.24337546 -0.54462112  0.91247674],6.26101509535887,1.1329779624938965,-0.39131344345992936,-0.39131344345992936
14,[0.30539118 1.35266143 0.63566639],[ 0.24091275 -0.54942222  0.91210402],5.879970609370356,1.2197129726409912,-0.36749816308564726,-0.36749816308564726
15,[0.30538754 1.35223635 0.63530077],[ 0.23851757 -0.55416113  0.91173332],5.5119963781910135,1.1254007816314697,-0.34449977363693834,-0.34449977363693834
16,[0.30538981 1.35176558 0.63498176],[ 0.23619211 -0.55882352  0.91136596],5.158190850105808,1.2763309478759766,-0.322386928131613,-0.322386928131613
17,[0.30539741 1.35125316 0.63471001],[ 0.23393786 -0.56339624  0.91100301],4.819417971055912,1.1519711017608643,-0.3012136231909945,-0.3012136231909945
18,[0.30540979 1.35070321 0.63448591],[ 0.23175565 -0.56786755  0.91064534],4.496301506369086,1.500920057296753,-0.2810188441480679,-0.2810188441480679
19,[0.30542646 1.35011988 0.63430957],[ 0.22964575 -0.57222715  0.91029361],4.189227158824449,1.201453685760498,-0.2618266974265281,-0.2618266974265281
20,[0.30544698 1.34950726 0.63418088],[ 0.22760791 -0.57646633  0.90994832],3.8983520150647406,1.2507562637329102,-0.2436470009415463,-0.2436470009415463
21,[0.30547093 1.34886933 0.63409945],[ 0.2256414  -0.58057794  0.90960981],3.623620434906288,1.2472827434539795,-0.226476277181643,-0.226476277181643
22,[0.30549795 1.34820987 0.63406467],[ 0.22374516 -0.58455641  0.9092783 ],3.36478517330181,1.3168649673461914,-0.21029907333136313,-0.21029907333136313
23,[0.30552769 1.34753247 0.63407573],[ 0.22191776 -0.5883977   0.90895389],3.1214323205216497,1.2171950340270996,-0.1950895200326031,-0.1950895200326031
24,[0.30555985 1.34684045 0.6341316 ],[ 0.22015757 -0.59209919  0.90863663],2.8930085721000918,1.2380249500274658,-0.18081303575625574,-0.18081303575625574
25,[0.30559416 1.34613687 0.63423106],[ 0.21846272 -0.59565962  0.90832646],2.678849388226232,1.1468312740325928,-0.1674280867641395,-0.1674280867641395
26,[0.30563036 1.34542451 0.63437275],[ 0.21683122 -0.59907893  0.90802333],2.478206750742865,1.222801923751831,-0.15488792192142906,-0.15488792192142906
27,[0.30566823 1.34470588 0.63455517],[ 0.21526096 -0.60235815  0.90772712],2.290275444742321,1.1927478313446045,-0.14314221529639506,-0.14314221529639506
28,[0.30570756 1.34398321 0.63477671],[ 0.21374978 -0.60549923  0.90743771],2.114217048473514,1.2466702461242676,-0.13213856552959463,-0.13213856552959463
29,[0.30574817 1.34325845 0.63503566],[ 0.21229548 -0.60850496  0.90715494],1.9491810799471034,1.1410949230194092,-0.12182381749669396,-0.12182381749669396
30,[0.30578989 1.34253333 0.63533024],[ 0.21089588 -0.61137879  0.90687869],1.7943229970869028,1.2138149738311768,-0.11214518731793142,-0.11214518731793142
31,[0.30583256 1.34180932 0.63565864],[ 0.20954878 -0.61412472  0.90660881],1.6488189637498358,1.1263408660888672,-0.10305118523436474,-0.10305118523436474
32,[0.30587606 1.34108772 0.63601898],[ 0.20825205 -0.61674715  0.90634516],1.5118774671157071,1.2327120304107666,-0.0944923416947317,-0.0944923416947317
33,[0.30592026 1.34036958 0.63640939],[ 0.20700358 -0.61925085  0.90608761],1.3827479999958805,1.1310539245605469,-0.08642174999974253,-0.08642174999974253
34,[0.30596504 1.33965584 0.63682799],[ 0.20580134 -0.62164077  0.90583603],1.2607271066188048,1.248464822769165,-0.0787954441636753,-0.0787954441636753
35,[0.30601032 1.33894723 0.63727291],[ 0.20464336 -0.62392203  0.90559032],1.1451621377341543,1.1442840099334717,-0.07157263360838464,-0.07157263360838464
36,[0.30605601 1.33824439 0.63774229],[ 0.20352774 -0.62609981  0.90535036],1.0354530774317512,1.2169361114501953,-0.06471581733948445,-0.06471581733948445
37,[0.30610202 1.33754783 0.63823432],[ 0.20245264 -0.6281793   0.90511606],0.9310527973325895,1.1745860576629639,-0.058190799833286844,-0.058190799833286844
38,[0.30614829 1.33685795 0.63874722],[ 0.20141633 -0.63016565  0.90488732],0.8314660708055293,1.21773099899292,-0.05196662942534558,-0.05196662942534558
39,[0.30619476 1.33617507 0.63927924],[ 0.20041711 -0.6320639   0.90466405],0.7362476466893861,1.1423728466033936,-0.046015477918086634,-0.046015477918086634
40,[0.30624136 1.33549945 0.63982869],[ 0.19945338 -0.63387899  0.90444618],0.6449996435889591,1.2068309783935547,-0.040312477724309945,-0.040312477724309945
41,[0.30628806 1.33483128 0.64039396],[ 0.19852361 -0.63561572  0.90423363],0.5573684859076709,1.1370151042938232,-0.03483553036922943,-0.03483553036922943
42,[0.3063348  1.33417068 0.64097345],[ 0.19762632 -0.63727868  0.90402632],0.4730415640225606,1.2092642784118652,-0.029565097751410037,-0.029565097751410037
43,[0.30638155 1.33351778 0.64156566],[ 0.19676013 -0.63887232  0.90382418],0.3917437651194223,1.1348941326141357,-0.024483985319963895,-0.024483985319963895
44,[0.30642828 1.33287261 0.64216913],[ 0.1959237  -0.64040088  0.90362714],0.3132339891656441,1.2166869640350342,-0.019577124322852756,-0.019577124322852756
45,[0.30647495 1.33223523 0.64278247],[ 0.19511574 -0.64186838  0.90343514],0.2373017367346008,1.1564760208129883,-0.01483135854591255,-0.01483135854591255
46,[0.30652154 1.33160563 0.64340435],[ 0.19433506 -0.64327865  0.90324811],0.16376383194271824,1.2242999076843262,-0.01023523949641989,-0.01023523949641989
47,[0.30656802 1.33098383 0.64403351],[ 0.19358047 -0.64463533  0.90306598],0.09246132440083574,1.1321940422058105,-0.005778832775052234,-0.005778832775052234
48,[0.30661438 1.3303698  0.64466874],[ 0.19285089 -0.64594184  0.90288868],0.023256598443109594,1.2154629230499268,-0.0014535374026943496,-0.0014535374026943496
49,[0.30666059 1.3297635  0.64530892],[ 0.19214525 -0.6472014   0.90271616],-0.04396929446762288,1.13191819190979,0.00274808090422643,0.00274808090422643
50,[0.30670663 1.32916492 0.64595295],[ 0.19146254 -0.64841703  0.90254834],-0.109319073815875,1.2440361976623535,0.006832442113492187,0.006832442113492187
51,[0.3067525  1.32857399 0.64659982],[ 0.19080181 -0.64959158  0.90238515],-0.17288143945326134,1.1249160766601562,0.010805089965828834,0.010805089965828834
52,[0.30679818 1.32799068 0.64724858],[ 0.19016211 -0.6507277   0.90222654],-0.23473305849411527,1.2115466594696045,0.014670816155882204,0.014670816155882204
53,[0.30684365 1.32741494 0.64789832],[ 0.18954259 -0.65182788  0.90207243],-0.29494033952742743,1.1432750225067139,0.018433771220464214,0.018433771220464214
54,[0.3068889  1.32684671 0.6485482 ],[ 0.1889424  -0.65289444  0.90192275],-0.35356100645448985,1.2194278240203857,0.022097562903405615,0.022097562903405615
55,[0.30693393 1.32628594 0.64919743],[ 0.18836072 -0.65392953  0.90177744],-0.4106454857637306,1.1377058029174805,0.025665342860233163,0.025665342860233163
56,[0.30697872 1.32573257 0.64984526],[ 0.18779681 -0.65493517  0.90163643],-0.4662381218163524,1.2232961654663086,0.029139882613522024,0.029139882613522024
57,[0.30702327 1.32518656 0.65049101],[ 0.18724992 -0.65591322  0.90149965],-0.5203782349228917,1.1380620002746582,0.03252363968268073,0.03252363968268073
58,[0.30706756 1.32464785 0.65113404],[ 0.18671935 -0.65686541  0.90136702],-0.5731010367905908,1.2258000373840332,0.03581881479941192,0.03581881479941192
59,[0.30711158 1.32411638 0.65177376],[ 0.18620444 -0.65779336  0.90123848],-0.6244384174323919,1.1386282444000244,0.039027401089524495,0.039027401089524495
60,[0.30715534 1.32359209 0.65240962],[ 0.18570453 -0.65869854  0.90111396],-0.6744196169430937,1.2367563247680664,0.04215122605894336,0.04215122605894336
61,[0.30719881 1.32307494 0.65304111],[ 0.18521903 -0.65958235  0.90099339],-0.7230717947369872,1.131269931793213,0.0451919871710617,0.0451919871710617
62,[0.307242   1.32256488 0.65366777],[ 0.18474734 -0.66044605  0.90087669],-0.7704205079591865,1.2344379425048828,0.048151281747449155,0.048151281747449155
63,[0.3072849  1.32206183 0.65428917],[ 0.18428891 -0.66129082  0.90076379],-0.8164901098698015,1.1240689754486084,0.051030631866862596,0.051030631866862596
64,[0.30732749 1.32156576 0.65490492],[ 0.1838432  -0.66211775  0.90065463],-0.8613040780859348,1.222902774810791,0.053831504880370924,0.053831504880370924
65,[0.30736976 1.32107661 0.65551468],[ 0.18340971 -0.66292784  0.90054913],-0.9048852816717611,1.1343350410461426,0.05655533010448507,0.05655533010448507
66,[0.30741172 1.32059431 0.65611813],[ 0.18298794 -0.66372202  0.90044722],-0.9472561952078663,1.2147080898284912,0.059203512200491644,0.059203512200491644
67,[0.30745336 1.32011882 0.65671498],[ 0.18257744 -0.66450114  0.90034883],-0.9884390671551735,1.1491200923919678,0.06177744169719834,0.06177744169719834
68,[0.30749466 1.31965008 0.65730496],[ 0.18217777 -0.66526599  0.90025388],-1.0284560490638543,1.210906982421875,0.0642785030664909,0.0642785030664909
69,[0.30753561 1.31918802 0.65788787],[ 0.18178849 -0.66601728  0.90016231],-1.0673292914659354,1.1435949802398682,0.06670808071662096,0.06670808071662096
70,[0.30757622 1.31873261 0.65846349],[ 0.1814092  -0.66675569  0.90007405],-1.1050810116328527,1.2052128314971924,0.06906756322705329,0.06906756322705329
71,[0.30761647 1.31828376 0.65903165],[ 0.18103952 -0.66748182  0.89998902],-1.1417335377757976,1.1437320709228516,0.07135834611098735,0.07135834611098735
72,[0.30765635 1.31784144 0.65959219],[ 0.18067909 -0.66819624  0.89990715],-1.1773093337158567,1.237293004989624,0.07358183335724104,0.07358183335724104
73,[0.30769585 1.31740556 0.66014501],[ 0.18032755 -0.66889948  0.89982838],-1.2118310075505005,1.1408517360687256,0.07573943797190628,0.07573943797190628
74,[0.30773498 1.31697608 0.66068997],[ 0.17998456 -0.66959199  0.89975263],-1.2453213073899116,1.2739911079406738,0.07783258171186948,0.07783258171186948
75,[0.30777371 1.31655293 0.66122701],[ 0.17964982 -0.67027423  0.89967984],-1.2778031068289293,1.1439321041107178,0.07986269417680808,0.07986269417680808
76,[0.30781204 1.31613605 0.66175604],[ 0.17932301 -0.6709466   0.89960993],-1.3092993824540369,1.2239048480987549,0.0818312114033773,0.0818312114033773
77,[0.30784997 1.31572537 0.66227702],[ 0.17900384 -0.67160947  0.89954283],-1.3398331853572902,1.1353957653045654,0.08373957408483064,0.08373957408483064
78,[0.30788748 1.31532083 0.66278992],[ 0.17869205 -0.67226317  0.89947849],-1.3694276083376986,1.210597038269043,0.08558922552110616,0.08558922552110616
79,[0.30792456 1.31492236 0.66329471],[ 0.17838736 -0.67290802  0.89941682],-1.3981057502112468,1.1610350608825684,0.08738160938820293,0.08738160938820293
80,[0.30796122 1.3145299  0.66379138],[ 0.17808953 -0.67354432  0.89935777],-1.4258906784221517,1.2145442962646484,0.08911816740138448,0.08911816740138448
81,[0.30799743 1.31414337 0.66427995],[ 0.17779831 -0.67417232  0.89930127],-1.4528053909461323,1.1344871520996094,0.09080033693413327,0.09080033693413327
82,[0.3080332  1.31376271 0.66476043],[ 0.17751347 -0.67479228  0.89924724],-1.478872778299652,1.2377378940582275,0.09242954864372825,0.09242954864372825
83,[0.30806851 1.31338786 0.66523285],[ 0.1772348  -0.67540441  0.89919563],-1.504115586314712,1.1511521339416504,0.0940072241446695,0.0940072241446695
84,[0.30810336 1.31301873 0.66569725],[ 0.17696209 -0.67600894  0.89914638],-1.528556380204554,1.2201850414276123,0.09553477376278463,0.09553477376278463
85,[0.30813775 1.31265526 0.66615367],[ 0.17669515 -0.67660605  0.89909941],-1.552217510329462,1.1229479312896729,0.09701359439559137,0.09701359439559137
86,[0.30817165 1.31229737 0.66660218],[ 0.17643377 -0.67719592  0.89905467],-1.5751210799719721,1.2217681407928467,0.09844506749824826,0.09844506749824826
87,[0.30820507 1.31194501 0.66704285],[ 0.17617778 -0.67777872  0.89901208],-1.5972889153457734,1.129136085510254,0.09983055720911084,0.09983055720911084
88,[0.308238   1.31159809 0.66747573],[ 0.17592701 -0.6783546   0.8989716 ],-1.6187425379897507,1.2136797904968262,0.10117140862435942,0.10117140862435942
89,[0.30827043 1.31125654 0.66790091],[ 0.17568129 -0.67892371  0.89893317],-1.639503139637908,1.1318080425262451,0.10246894622736925,0.10246894622736925
90,[0.30830236 1.31092029 0.66831847],[ 0.17544046 -0.67948618  0.89889671],-1.6595915596048847,1.2128362655639648,0.1037244724753053,0.1037244724753053
91,[0.30833378 1.31058927 0.6687285 ],[ 0.17520438 -0.68004214  0.89886217],-1.6790282646847001,1.1327741146087646,0.10493926654279376,0.10493926654279376
92,[0.30836468 1.31026341 0.6691311 ],[ 0.17497289 -0.6805917   0.8988295 ],-1.6978333315260705,1.237396001815796,0.10611458322037941,0.10611458322037941
93,[0.30839506 1.30994263 0.66952635],[ 0.17474586 -0.68113498  0.89879864],-1.716026431420351,1.164604902267456,0.10725165196377194,0.10725165196377194
94,[0.30842492 1.30962686 0.66991436],[ 0.17452315 -0.68167208  0.89876952],-1.7336268174160705,1.2565221786499023,0.1083516760885044,0.1083516760885044
95,[0.30845424 1.30931603 0.67029523],[ 0.17430464 -0.68220309  0.89874211],-1.7506533136577351,1.169947862625122,0.10941583210360845,0.10941583210360845
96,[0.30848303 1.30901006 0.67066907],[ 0.17409021 -0.68272811  0.89871633],-1.767124306834292,1.2452211380004883,0.11044526917714324,0.11044526917714324
97,[0.30851128 1.30870889 0.67103598],[ 0.17387975 -0.68324723  0.89869215],-1.783057739613824,1.1363940238952637,0.111441108725864,0.111441108725864
98,[0.30853898 1.30841245 0.67139608],[ 0.17367312 -0.68376054  0.8986695 ],-1.7984711059358907,1.2794511318206787,0.11240444412099317,0.11240444412099317
99,[0.30856613 1.30812065 0.67174947],[ 0.17347024 -0.6842681   0.89864833],-1.8133814480299184,1.141899824142456,0.1133363405018699,0.1133363405018699
100,[0.30859272 1.30783344 0.67209627],[ 0.173271  -0.68477    0.8986286],-1.827805355027282,1.2355928421020508,0.11423783468920512,0.11423783468920512
101,[0.30861876 1.30755073 0.67243659],[ 0.1730753  -0.68526632  0.89861026],-1.8417589630361113,1.1336007118225098,0.11510993518975696,0.11510993518975696
102,[0.30864424 1.30727247 0.67277054],[ 0.17288304 -0.68575712  0.89859326],-1.8552579565500744,1.209956169128418,0.11595362228437965,0.11595362228437965
103,[0.30866916 1.30699858 0.67309824],[ 0.17269413 -0.68624247  0.89857754],-1.8683175710663105,1.1339890956878662,0.1167698481916444,0.1167698481916444
104,[0.30869351 1.30672899 0.6734198 ],[ 0.17250848 -0.68672244  0.89856307],-1.8809525967922331,1.226747989654541,0.11755953729951457,0.11755953729951457
105,[0.3087173  1.30646363 0.67373533],[ 0.17232602 -0.68719709  0.8985498 ],-1.8931773833260488,1.162442684173584,0.11832358645787805,0.11832358645787805
106,[0.30874051 1.30620244 0.67404495],[ 0.17214665 -0.68766648  0.89853769],-1.905005845201696,1.282010793685913,0.119062865325106,0.119062865325106
107,[0.30876315 1.30594535 0.67434877],[ 0.17197029 -0.68813069  0.89852668],-1.9164514681950313,1.1667530536651611,0.11977821676218946,0.11977821676218946
108,[0.30878522 1.30569229 0.6746469 ],[ 0.17179688 -0.68858976  0.89851675],-1.9275273162942081,1.242210865020752,0.12047045726838801,0.12047045726838801
109,[0.30880671 1.3054432  0.67493945],[ 0.17162634 -0.68904376  0.89850784],-1.9382460392435137,1.1861841678619385,0.1211403774527196,0.1211403774527196
110,[0.30882763 1.30519801 0.67522654],[ 0.17145859 -0.68949273  0.89849992],-1.9486198805765471,1.2834551334381104,0.1217887425360342,0.1217887425360342
111,[0.30884797 1.30495667 0.67550828],[ 0.17129357 -0.68993675  0.89849295],-1.9586606860603901,1.1712839603424072,0.12241629287877438,0.12241629287877438
112,[0.30886773 1.30471909 0.67578477],[ 0.17113122 -0.69037587  0.89848689],-1.9683799124791201,1.2611851692199707,0.12302374452994501,0.12302374452994501
113,[0.30888691 1.30448523 0.67605611],[ 0.17097146 -0.69081014  0.89848171],-1.9777886366901785,1.17734694480896,0.12361178979313615,0.12361178979313615
114,[0.30890552 1.30425503 0.67632242],[ 0.17081424 -0.69123961  0.89847736],-1.9868975648937888,1.2784879207611084,0.1241810978058618,0.1241810978058618
115,[0.30892354 1.30402841 0.6765838 ],[ 0.17065949 -0.69166434  0.89847381],-1.9957170420598265,1.1543068885803223,0.12473231512873915,0.12473231512873915
116,[0.30894099 1.30380533 0.67684036],[ 0.17050717 -0.69208438  0.89847103],-2.004257061462991,1.2691011428833008,0.12526606634143694,0.12526606634143694
117,[0.30895786 1.30358571 0.67709218],[ 0.17035721 -0.69249979  0.89846899],-2.012527274280776,1.142477035522461,0.1257829546425485,0.1257829546425485
118,[0.30897416 1.30336951 0.67733938],[ 0.17020955 -0.69291061  0.89846764],-2.020536999214522,1.2672061920166016,0.12628356245090763,0.12628356245090763
119,[0.30898987 1.30315667 0.67758206],[ 0.17006415 -0.69331691  0.89846696],-2.0282952320969945,1.1787419319152832,0.12676845200606215,0.12676845200606215
120,[0.30900502 1.30294713 0.6778203 ],[ 0.16992095 -0.69371873  0.89846692],-2.0358106554547564,1.2336878776550293,0.12723816596592227,0.12723816596592227
121,[0.30901958 1.30274083 0.67805421],[ 0.16977991 -0.69411611  0.89846749],-2.0430916479970596,1.1735351085662842,0.12769322799981622,0.12769322799981622
122,[0.30903358 1.30253772 0.67828387],[ 0.16964097 -0.69450913  0.89846864],-2.0501462940062036,1.272691011428833,0.12813414337538773,0.12813414337538773
123,[0.309047   1.30233775 0.67850939],[ 0.16950409 -0.69489781  0.89847034],-2.056982392607829,1.1546239852905273,0.1285613995379893,0.1285613995379893
124,[0.30905986 1.30214086 0.67873084],[ 0.16936923 -0.69528222  0.89847256],-2.0636074669024933,1.2332310676574707,0.12897546668140583,0.12897546668140583
125,[0.30907214 1.30194699 0.67894832],[ 0.16923633 -0.69566241  0.89847527],-2.070028772942111,1.1722381114959717,0.12937679830888194,0.12937679830888194
126,[0.30908386 1.30175611 0.67916192],[ 0.16910537 -0.69603841  0.89847846],-2.0762533085379697,1.2720341682434082,0.1297658317836231,0.1297658317836231
127,[0.30909502 1.30156816 0.67937171],[ 0.16897628 -0.6964103   0.89848209],-2.082287821888782,1.1605980396270752,0.13014298886804887,0.13014298886804887
128,[0.30910561 1.30138308 0.67957779],[ 0.16884904 -0.6967781   0.89848614],-2.088138820019173,1.2373571395874023,0.1305086762511983,0.1305086762511983
129,[0.30911564 1.30120083 0.67978023],[ 0.1687236  -0.69714188  0.89849059],-2.0938125770216516,1.1531121730804443,0.13086328606385322,0.13086328606385322
130,[0.30912512 1.30102137 0.67997912],[ 0.16859993 -0.69750167  0.89849541],-2.099315142095106,1.2151601314544678,0.13120719638094414,0.13120719638094414
131,[0.30913404 1.30084464 0.68017452],[ 0.16847799 -0.69785754  0.89850058],-2.1046523473767,1.138411045074463,0.13154077171104375,0.13154077171104375
132,[0.30914242 1.3006706  0.68036653],[ 0.16835774 -0.69820952  0.89850608],-2.1098298155626005,1.2261228561401367,0.13186436347266253,0.13186436347266253
133,[0.30915024 1.3004992  0.68055521],[ 0.16823914 -0.69855767  0.89851189],-2.11485296731706,1.1387159824371338,0.13217831045731626,0.13217831045731626
134,[0.30915751 1.30033039 0.68074063],[ 0.16812217 -0.69890203  0.89851799],-2.1197270284675667,1.2150568962097168,0.13248293927922292,0.13248293927922292
135,[0.30916425 1.30016415 0.68092288],[ 0.16800678 -0.69924265  0.89852435],-2.1244570369871667,1.137632131576538,0.13277856481169792,0.13277856481169792
136,[0.30917044 1.30000041 0.68110201],[ 0.16789295 -0.69957958  0.89853097],-2.129047849764258,1.2369859218597412,0.13306549061026612,0.13306549061026612
137,[0.30917609 1.29983914 0.6812781 ],[ 0.16778064 -0.69991287  0.89853781],-2.133504149161447,1.172062873840332,0.13334400932259044,0.13334400932259044
138,[0.30918121 1.2996803  0.68145121],[ 0.16766983 -0.70024255  0.89854487],-2.1378304493657394,1.2284679412841797,0.1336144030853587,0.1336144030853587
139,[0.3091858  1.29952384 0.68162141],[ 0.16756047 -0.70056868  0.89855213],-2.1420311025327843,1.1682169437408447,0.13387694390829902,0.13387694390829902
140,[0.30918987 1.29936972 0.68178876],[ 0.16745255 -0.7008913   0.89855956],-2.146110304728249,1.2320899963378906,0.13413189404551557,0.13413189404551557
141,[0.30919341 1.29921792 0.68195333],[ 0.16734602 -0.70121047  0.89856715],-2.1500721016698288,1.1474699974060059,0.1343795063543643,0.1343795063543643
142,[0.30919642 1.29906838 0.68211517],[ 0.16724088 -0.70152621  0.8985749 ],-2.153920394273949,1.2298049926757812,0.1346200246421218,0.1346200246421218
143,[0.30919892 1.29892107 0.68227435],[ 0.16713707 -0.70183858  0.89858277],-2.1576589440111715,1.166654348373413,0.13485368400069822,0.13485368400069822
144,[0.30920091 1.29877595 0.68243092],[ 0.16703459 -0.70214763  0.89859076],-2.161291378074614,1.2849862575531006,0.13508071112966338,0.13508071112966338
145,[0.30920239 1.29863299 0.68258495],[ 0.1669334  -0.7024534   0.89859886],-2.164821194366029,1.18302321434021,0.1353013246478768,0.1353013246478768
146,[0.30920336 1.29849214 0.68273648],[ 0.16683348 -0.70275592  0.89860704],-2.1682517663041723,1.3143751621246338,0.13551573539401077,0.13551573539401077
147,[0.30920383 1.29835338 0.68288557],[ 0.1667348  -0.70305525  0.8986153 ],-2.171586347460282,1.1869518756866455,0.13572414671626762,0.13572414671626762
148,[0.3092038  1.29821667 0.68303227],[ 0.16663734 -0.70335143  0.89862362],-2.1748280760252823,1.3108189105987549,0.13592675475158014,0.13592675475158014
149,[0.30920327 1.29808198 0.68317664],[ 0.16654108 -0.7036445   0.89863199],-2.1779799791139536,1.2868280410766602,0.1361237486946221,0.1361237486946221
150,[0.30920226 1.29794927 0.68331872],[ 0.16644598 -0.70393451  0.89864041],-2.181044976910538,1.3943901062011719,0.1363153110569086,0.1363153110569086
151,[0.30920075 1.2978185  0.68345857],[ 0.16635203 -0.70422149  0.89864884],-2.1840258866609767,1.2085659503936768,0.13650161791631105,0.13650161791631105
152,[0.30919876 1.29768966 0.68359623],[ 0.16625921 -0.70450548  0.8986573 ],-2.1869254265165305,1.2652621269226074,0.13668283915728316,0.13668283915728316
153,[0.30919629 1.29756269 0.68373175],[ 0.1661675  -0.70478654  0.89866576],-2.189746219233448,1.1510698795318604,0.1368591387020905,0.1368591387020905
154,[0.30919335 1.29743759 0.68386518],[ 0.16607686 -0.70506469  0.89867422],-2.192490795733614,1.243844985961914,0.13703067473335087,0.13703067473335087
155,[0.30918993 1.29731431 0.68399655],[ 0.16598729 -0.70533998  0.89868266],-2.195161598530785,1.17551589012146,0.13719759990817407,0.13719759990817407
156,[0.30918604 1.29719282 0.68412592],[ 0.16589876 -0.70561246  0.89869108],-2.197760985027023,1.29522705078125,0.13736006156418895,0.13736006156418895
157,[0.30918169 1.2970731  0.68425333],[ 0.16581125 -0.70588215  0.89869946],-2.200291230683717,1.1335129737854004,0.1375182019177323,0.1375182019177323
158,[0.30917687 1.29695511 0.68437881],[ 0.16572474 -0.7061491   0.89870781],-2.2027545320718422,1.2398500442504883,0.13767215825449014,0.13767215825449014
159,[0.3091716  1.29683884 0.68450241],[ 0.16563922 -0.70641335  0.8987161 ],-2.205153009805565,1.1548130512237549,0.1378220631128478,0.1378220631128478
160,[0.30916588 1.29672424 0.68462417],[ 0.16555466 -0.70667494  0.89872433],-2.207488711363491,1.333852767944336,0.13796804446021818,0.13796804446021818
161,[0.30915971 1.2966113  0.68474413],[ 0.16547105 -0.7069339   0.89873249],-2.2097636138015946,1.191760778427124,0.13811022586259966,0.13811022586259966
162,[0.30915309 1.29649999 0.68486232],[ 0.16538837 -0.70719027  0.89874058],-2.2119796263619933,1.403653860092163,0.13824872664762458,0.13824872664762458
163,[0.30914603 1.29639028 0.68497878],[ 0.16530659 -0.70744409  0.89874859],-2.2141385929810493,1.1529319286346436,0.13838366206131558,0.13838366206131558
164,[0.30913853 1.29628214 0.68509355],[ 0.16522572 -0.7076954   0.8987565 ],-2.2162422947011895,1.2166221141815186,0.13851514341882434,0.13851514341882434
165,[0.3091306  1.29617555 0.68520666],[ 0.16514572 -0.70794423  0.89876432],-2.2182924519893494,1.1425108909606934,0.13864327824933434,0.13864327824933434
166,[0.30912224 1.29607049 0.68531815],[ 0.16506659 -0.70819062  0.89877204],-2.2202907269662275,1.2188401222229004,0.13876817043538922,0.13876817043538922
167,[0.30911345 1.29596693 0.68542804],[ 0.1649883  -0.7084346   0.89877965],-2.222238725549224,1.1459059715270996,0.1388899203468265,0.1388899203468265
168,[0.30910424 1.29586485 0.68553638],[ 0.16491084 -0.70867621  0.89878714],-2.224137999512977,1.2237870693206787,0.13900862496956107,0.13900862496956107
169,[0.30909461 1.29576423 0.6856432 ],[ 0.1648342  -0.70891548  0.89879451],-2.2259900484699493,1.140974998474121,0.13912437802937183,0.13912437802937183
170,[0.30908457 1.29566503 0.68574851],[ 0.16475836 -0.70915246  0.89880175],-2.2277963217748087,1.2166378498077393,0.13923727011092554,0.13923727011092554
171,[0.30907411 1.29556725 0.68585237],[ 0.1646833  -0.70938716  0.89880886],-2.229558220355287,1.1533739566802979,0.13934738877220543,0.13934738877220543
172,[0.30906325 1.29547085 0.68595479],[ 0.16460902 -0.70961964  0.89881583],-2.231277098472284,1.2230756282806396,0.13945481865451775,0.13945481865451775
173,[0.30905198 1.29537582 0.6860558 ],[ 0.1645355  -0.70984991  0.89882265],-2.2329542654122263,1.139070987701416,0.13955964158826414,0.13955964158826414
174,[0.30904032 1.29528213 0.68615544],[ 0.16446272 -0.71007801  0.89882933],-2.234590987114245,1.2439141273498535,0.1396619366946403,0.1396619366946403
175,[0.30902825 1.29518977 0.68625373],[ 0.16439067 -0.71030397  0.89883586],-2.23618848773466,1.119062900543213,0.13976178048341625,0.13976178048341625
176,[0.3090158  1.29509871 0.6863507 ],[ 0.16431934 -0.71052784  0.89884223],-2.2377479511513605,1.2198593616485596,0.13985924694696003,0.13985924694696003
177,[0.30900296 1.29500893 0.68644636],[ 0.16424871 -0.71074963  0.89884843],-2.2392705224104565,1.164919137954712,0.13995440765065353,0.13995440765065353
178,[0.30898973 1.29492041 0.68654076],[ 0.16417878 -0.71096937  0.89885448],-2.240757309117306,1.255894660949707,0.14004733181983162,0.14004733181983162
179,[0.30897612 1.29483314 0.68663392],[ 0.16410953 -0.71118711  0.89886035],-2.2422093827744507,1.1290953159332275,0.14013808642340317,0.14013808642340317
180,[0.30896213 1.2947471  0.68672585],[ 0.16404095 -0.71140287  0.89886605],-2.2436277800682234,1.223405122756958,0.14022673625426396,0.14022673625426396
181,[0.30894777 1.29466226 0.68681659],[ 0.16397303 -0.71161667  0.89887157],-2.245013504106354,1.1321706771850586,0.14031334400664713,0.14031334400664713
182,[0.30893304 1.29457861 0.68690615],[ 0.16390575 -0.71182856  0.89887691],-2.246367525608328,1.2209019660949707,0.1403979703505205,0.1403979703505205
183,[0.30891794 1.29449613 0.68699456],[ 0.16383911 -0.71203855  0.89888207],-2.2476907840504405,1.1407709121704102,0.14048067400315253,0.14048067400315253
184,[0.30890247 1.2944148  0.68708185],[ 0.16377309 -0.71224668  0.89888704],-2.248984188767383,1.225050687789917,0.14056151179796145,0.14056151179796145
185,[0.30888665 1.29433461 0.68716802],[ 0.16370768 -0.71245297  0.89889182],-2.250248620011977,1.1247172355651855,0.14064053875074856,0.14064053875074856
186,[0.30887047 1.29425554 0.68725312],[ 0.16364288 -0.71265746  0.89889641],-2.2514849299750646,1.2116920948028564,0.14071780812344153,0.14071780812344153
187,[0.30885393 1.29417757 0.68733715],[ 0.16357866 -0.71286017  0.8989008 ],-2.2526939437665137,1.1462290287017822,0.1407933714854071,0.1407933714854071
188,[0.30883705 1.29410068 0.68742014],[ 0.16351503 -0.71306112  0.89890499],-2.253876460359527,1.207672119140625,0.14086727877247043,0.14086727877247043
189,[0.30881982 1.29402486 0.6875021 ],[ 0.16345198 -0.71326035  0.89890899],-2.255033253499333,1.1354751586914062,0.14093957834370832,0.14093957834370832
190,[0.30880225 1.2939501  0.68758306],[ 0.16338948 -0.71345788  0.89891278],-2.25616507257785,1.2165567874908447,0.14101031703611563,0.14101031703611563
191,[0.30878433 1.29387638 0.68766303],[ 0.16332754 -0.71365375  0.89891636],-2.2572726434754604,1.1294910907745361,0.14107954021721628,0.14107954021721628
192,[0.30876608 1.29380367 0.68774204],[ 0.16326614 -0.71384796  0.89891974],-2.2583566693715493,1.2245008945465088,0.14114729183572183,0.14114729183572183
193,[0.3087475  1.29373198 0.6878201 ],[ 0.16320528 -0.71404055  0.8989229 ],-2.259417831524564,1.132685899734497,0.14121361447028524,0.14121361447028524
194,[0.30872859 1.29366128 0.68789724],[ 0.16314494 -0.71423155  0.89892586],-2.260456790023498,1.2190210819244385,0.14127854937646864,0.14127854937646864
195,[0.30870935 1.29359155 0.68797346],[ 0.16308512 -0.71442097  0.8989286 ],-2.2614741845109783,1.1321609020233154,0.14134213653193614,0.14134213653193614
196,[0.30868979 1.29352279 0.68804878],[ 0.16302581 -0.71460885  0.89893112],-2.262470634880055,1.2170979976654053,0.14140441468000345,0.14140441468000345
197,[0.3086699  1.29345499 0.68812322],[ 0.162967   -0.71479521  0.89893343],-2.263446741944972,1.1299388408660889,0.14146542137156076,0.14146542137156076
198,[0.3086497  1.29338811 0.68819681],[ 0.16290868 -0.71498007  0.89893552],-2.2644030880874935,1.2141838073730469,0.14152519300546834,0.14152519300546834
199,[0.30862919 1.29332217 0.68826955],[ 0.16285084 -0.71516345  0.89893738],-2.265340237879318,1.1269841194152832,0.14158376486745738,0.14158376486745738
0,[-0.52129151  1.3842875  -3.14180345],[-1.24336423 -2.21990774 -2.56182654],4.295893783712392,1.2182650566101074,-0.2684933614820245,-0.2684933614820245
1,[-0.52121529  1.38423504 -3.14272397],[-1.24475271 -2.22031771 -2.56223506],4.214017660396809,1.1273231506347656,-0.2633761037748006,-0.2633761037748006
2,[-0.52113758  1.38418233 -3.14363546],[-1.2461458  -2.22072843 -2.56263781],4.132860623335058,1.2144980430603027,-0.25830378895844114,-0.25830378895844114
3,[-0.5210585   1.38412943 -3.14453779],[-1.24754277 -2.22114019 -2.56303491],4.052451681731547,1.1260368824005127,-0.2532782301082217,-0.2532782301082217
4,[-0.52097816  1.38407643 -3.14543084],[-1.24894295 -2.22155328 -2.56342645],3.972819057396574,1.2392780780792236,-0.24830119108728588,-0.24830119108728588
5,[-0.52089666  1.3840234  -3.1463145 ],[-1.25034563 -2.22196798 -2.56381254],3.8939900550253967,1.1292040348052979,-0.2433743784390873,-0.2433743784390873
6,[-0.52081412  1.38397038 -3.14718865],[-1.25175015 -2.22238455 -2.5641933 ],3.815990946398367,1.225362777709961,-0.23849943414989794,-0.23849943414989794
7,[-0.52073064  1.38391743 -3.14805321],[-1.25315584 -2.22280323 -2.56456884],3.738846868149473,1.165315866470337,-0.23367792925934205,-0.23367792925934205
8,[-0.52064633  1.38386461 -3.14890805],[-1.25456207 -2.22322427 -2.56493928],3.6625817326897288,1.2397561073303223,-0.22891135829310805,-0.22891135829310805
9,[-0.52056128  1.38381194 -3.14975311],[-1.25596819 -2.22364789 -2.56530472],3.587218151818302,1.135455846786499,-0.22420113448864387,-0.22420113448864387
10,[-0.5204756   1.38375947 -3.15058829],[-1.25737359 -2.22407431 -2.5656653 ],3.5127773725046962,1.2206001281738281,-0.21954858578154351,-0.21954858578154351
11,[-0.52038937  1.38370721 -3.15141351],[-1.25877766 -2.22450372 -2.56602114],3.439279224284656,1.1458981037139893,-0.214954951517791,-0.214954951517791
12,[-0.5203027   1.38365521 -3.15222872],[-1.26017981 -2.22493631 -2.56637234],3.366742077676376,1.2195940017700195,-0.2104213798547735,-0.2104213798547735
13,[-0.52021568  1.38360347 -3.15303384],[-1.26157946 -2.22537227 -2.56671904],3.2951828129975347,1.146785020828247,-0.20594892581234592,-0.20594892581234592
14,[-0.52012839  1.38355201 -3.15382882],[-1.26297606 -2.22581175 -2.56706136],3.2246167989431385,1.2383320331573486,-0.20153854993394615,-0.20153854993394615
15,[-0.52004093  1.38350084 -3.15461363],[-1.26436906 -2.22625491 -2.56739941],3.1550578802702534,1.141230821609497,-0.19719111751689083,-0.19719111751689083
16,[-0.51995337  1.38344997 -3.15538821],[-1.26575792 -2.22670189 -2.56773332],3.0865183739325484,1.2263221740722656,-0.19290739837078427,-0.19290739837078427
17,[-0.51986581  1.3833994  -3.15615254],[-1.26714214 -2.22715283 -2.56806321],3.0190090730044163,1.1291420459747314,-0.18868806706277602,-0.18868806706277602
18,[-0.51977832  1.38334912 -3.1569066 ],[-1.26852122 -2.22760783 -2.56838919],2.9525392577439455,1.2338449954986572,-0.1845337036089966,-0.1845337036089966
19,[-0.51969099  1.38329913 -3.15765038],[-1.26989467 -2.228067   -2.56871139],2.887116713153329,1.1401658058166504,-0.18044479457208307,-0.18044479457208307
20,[-0.51960388  1.38324943 -3.15838386],[-1.27126202 -2.22853045 -2.56902993],2.8227477524130546,1.2223701477050781,-0.17642173452581592,-0.17642173452581592
21,[-0.51951709  1.3832     -3.15910705],[-1.27262283 -2.22899825 -2.56934491],2.759437245585622,1.1266899108886719,-0.1724648278491014,-0.1724648278491014
22,[-0.51943067  1.38315084 -3.15981996],[-1.27397666 -2.22947049 -2.56965646],2.6971886530073084,1.2229218482971191,-0.16857429081295677,-0.16857429081295677
23,[-0.5193447   1.38310192 -3.16052261],[-1.27532309 -2.22994723 -2.56996468],2.6360040628141834,1.130720853805542,-0.16475025392588646,-0.16475025392588646
24,[-0.51925926  1.38305323 -3.16121501],[-1.27666172 -2.23042853 -2.57026969],2.575884232073891,1.211503267288208,-0.1609927645046182,-0.1609927645046182
25,[-0.5191744   1.38300475 -3.1618972 ],[-1.27799215 -2.23091442 -2.57057159],2.516828631026725,1.1327266693115234,-0.1573017894391703,-0.1573017894391703
26,[-0.5190902   1.38295647 -3.16256921],[-1.27931403 -2.23140495 -2.57087049],2.4588354899662113,1.2062578201293945,-0.1536772181228882,-0.1536772181228882
27,[-0.51900671  1.38290836 -3.16323109],[-1.28062699 -2.23190015 -2.57116648],2.401901848323142,1.1266119480133057,-0.15011886552019638,-0.15011886552019638
28,[-0.518924    1.3828604  -3.16388289],[-1.2819307  -2.23240003 -2.57145968],2.34602360554321,1.2518291473388672,-0.14662647534645062,-0.14662647534645062
29,[-0.51884213  1.38281257 -3.16452467],[-1.28322483 -2.23290461 -2.57175017],2.2911955733815375,1.1713840961456299,-0.1431997233363461,-0.1431997233363461
30,[-0.51876116  1.38276484 -3.16515648],[-1.28450908 -2.23341389 -2.57203805],2.237411529263098,1.2937312126159668,-0.13983822057894363,-0.13983822057894363
31,[-0.51868113  1.38271721 -3.16577841],[-1.28578314 -2.23392787 -2.57232341],2.18466427038801,1.226653814315796,-0.13654151689925062,-0.13654151689925062
32,[-0.51860211  1.38266964 -3.16639051],[-1.28704675 -2.23444652 -2.57260635],2.1329456682853802,1.2671732902526855,-0.13330910426783626,-0.13330910426783626
33,[-0.51852414  1.38262212 -3.16699287],[-1.28829963 -2.23496984 -2.57288694],2.0822467235457607,1.1380460262298584,-0.13014042022161004,-0.13014042022161004
34,[-0.51844728  1.38257462 -3.16758558],[-1.28954155 -2.2354978  -2.57316526],2.032557620485331,1.2302758693695068,-0.12703485128033318,-0.12703485128033318
35,[-0.51837156  1.38252712 -3.16816872],[-1.29077227 -2.23603036 -2.5734414 ],1.9838677815175645,1.23580002784729,-0.12399173634484778,-0.12399173634484778
36,[-0.51829703  1.38247962 -3.16874238],[-1.29199157 -2.23656749 -2.57371543],1.9361659210286708,1.2708919048309326,-0.12101037006429192,-0.12101037006429192
37,[-0.51822375  1.38243208 -3.16930668],[-1.29319924 -2.23710914 -2.57398743],1.889440098573625,1.2145419120788574,-0.11809000616085157,-0.11809000616085157
38,[-0.51815174  1.3823845  -3.16986169],[-1.2943951  -2.23765526 -2.57425745],1.8436777712261052,1.2884588241577148,-0.11522986070163158,-0.11522986070163158
39,[-0.51808104  1.38233685 -3.17040754],[-1.29557897 -2.2382058  -2.57452557],1.798865844934579,1.1758310794830322,-0.11242911530841118,-0.11242911530841118
40,[-0.5180117   1.38228914 -3.17094433],[-1.29675068 -2.2387607  -2.57479185],1.7549907247511003,1.3162519931793213,-0.10968692029694377,-0.10968692029694377
41,[-0.51794374  1.38224133 -3.17147218],[-1.29791008 -2.23931989 -2.57505635],1.7120383638150498,1.2342431545257568,-0.10700239773844061,-0.10700239773844061
42,[-0.5178772   1.38219344 -3.17199119],[-1.29905705 -2.23988331 -2.57531912],1.6699943109874695,1.2669219970703125,-0.10437464443671685,-0.10437464443671685
43,[-0.51781211  1.38214544 -3.17250149],[-1.30019144 -2.24045089 -2.57558022],1.6288437570444365,1.1516149044036865,-0.10180273481527728,-0.10180273481527728
44,[-0.51774849  1.38209733 -3.17300319],[-1.30131316 -2.24102254 -2.57583969],1.5885715793506283,1.243307113647461,-0.09928572370941427,-0.09928572370941427
45,[-0.51768638  1.38204911 -3.17349643],[-1.30242209 -2.24159819 -2.57609758],1.549162384944919,1.1371047496795654,-0.09682264905905744,-0.09682264905905744
46,[-0.51762579  1.38200078 -3.17398133],[-1.30351815 -2.24217776 -2.57635394],1.5106005519810901,1.259376049041748,-0.09441253449881813,-0.09441253449881813
47,[-0.51756675  1.38195233 -3.17445801],[-1.30460127 -2.24276116 -2.5766088 ],1.4728702694767442,1.1567308902740479,-0.09205439184229651,-0.09205439184229651
48,[-0.51750928  1.38190377 -3.1749266 ],[-1.30567137 -2.24334831 -2.5768622 ],1.4359555753331446,1.3078227043151855,-0.08974722345832153,-0.08974722345832153
49,[-0.5174534   1.3818551  -3.17538723],[-1.30672841 -2.24393911 -2.57711418],1.3998403925977547,1.1947269439697266,-0.08749002453735967,-0.08749002453735967
50,[-0.51739912  1.38180632 -3.17584004],[-1.30777232 -2.24453348 -2.57736477],1.3645085639501315,1.278313159942627,-0.08528178524688322,-0.08528178524688322
51,[-0.51734646  1.38175745 -3.17628515],[-1.30880309 -2.24513132 -2.577614  ],1.3299438843997131,1.1476716995239258,-0.08312149277498207,-0.08312149277498207
52,[-0.51729544  1.38170849 -3.17672271],[-1.30982067 -2.24573253 -2.57786189],1.296130132192008,1.2176170349121094,-0.0810081332620005,-0.0810081332620005
53,[-0.51724606  1.38165945 -3.17715284],[-1.31082507 -2.24633702 -2.57810847],1.263051097926876,1.1265439987182617,-0.07894069362042976,-0.07894069362042976
54,[-0.51719834  1.38161035 -3.17757568],[-1.31181626 -2.24694469 -2.57835376],1.2306906118998102,1.2198131084442139,-0.07691816324373814,-0.07691816324373814
55,[-0.51715229  1.3815612  -3.17799137],[-1.31279425 -2.24755545 -2.57859777],1.1990325696829462,1.1347529888153076,-0.07493953560518414,-0.07493953560518414
56,[-0.51710791  1.38151202 -3.17840004],[-1.31375905 -2.24816919 -2.57884054],1.1680609559694304,1.2071170806884766,-0.0730038097480894,-0.0730038097480894
57,[-0.51706521  1.38146282 -3.17880183],[-1.31471068 -2.24878581 -2.57908206],1.13775986670947,1.1420788764953613,-0.07110999166934187,-0.07110999166934187
58,[-0.51702419  1.38141363 -3.17919687],[-1.31564915 -2.24940522 -2.57932236],1.1081135295724331,1.2246460914611816,-0.06925709559827707,-0.06925709559827707
59,[-0.51698486  1.38136446 -3.1795853 ],[-1.31657451 -2.25002732 -2.57956144],1.079106322773217,1.1424860954284668,-0.06744414517332606,-0.06744414517332606
60,[-0.51694721  1.38131534 -3.17996725],[-1.31748679 -2.250652   -2.57979931],1.0507227923060096,1.21079421043396,-0.0656701745191256,-0.0656701745191256
61,[-0.51691126  1.38126629 -3.18034286],[-1.31838603 -2.25127917 -2.58003599],1.0229476676321647,1.1420140266418457,-0.0639342292270103,-0.0639342292270103
62,[-0.516877    1.38121734 -3.18071227],[-1.3192723  -2.25190872 -2.58027147],0.9957658758720487,1.225600004196167,-0.06223536724200304,-0.06223536724200304
63,[-0.51684443  1.38116851 -3.1810756 ],[-1.32014563 -2.25254057 -2.58050576],0.9691625545540106,1.1453320980072021,-0.06057265965962566,-0.06057265965962566
64,[-0.51681355  1.38111982 -3.18143299],[-1.32100611 -2.2531746  -2.58073887],0.9431230629757107,1.2425110340118408,-0.05894519143598192,-0.05894519143598192
65,[-0.51678435  1.38107131 -3.18178457],[-1.32185379 -2.25381072 -2.58097078],0.9176329922354285,1.1608741283416748,-0.05735206201471428,-0.05735206201471428
66,[-0.51675683  1.38102301 -3.18213047],[-1.32268876 -2.25444884 -2.58120151],0.8926781739923179,1.2495629787445068,-0.055792385874519866,-0.055792385874519866
67,[-0.51673099  1.38097493 -3.18247082],[-1.32351108 -2.25508886 -2.58143105],0.8682446880157382,1.1578869819641113,-0.054265293000983636,-0.054265293000983636
68,[-0.51670682  1.38092713 -3.18280575],[-1.32432084 -2.25573068 -2.5816594 ],0.8443188685850866,1.259760856628418,-0.052769929286567915,-0.052769929286567915
69,[-0.51668432  1.38087961 -3.18313539],[-1.32511813 -2.25637422 -2.58188656],0.8208873098011987,1.162903070449829,-0.05130545686257492,-0.05130545686257492
70,[-0.51666347  1.38083243 -3.18345987],[-1.32590303 -2.25701937 -2.58211251],0.797936869871274,1.2550318241119385,-0.049871054366954624,-0.049871054366954624
71,[-0.51664427  1.3807856  -3.1837793 ],[-1.32667565 -2.25766605 -2.58233726],0.7754546744285713,1.155195951461792,-0.048465917151785706,-0.048465917151785706
72,[-0.51662672  1.38073916 -3.18409381],[-1.32743607 -2.25831417 -2.58256079],0.7534281189476519,1.2513890266418457,-0.047089257434228246,-0.047089257434228246
73,[-0.5166108   1.38069314 -3.18440353],[-1.32818441 -2.25896363 -2.58278311],0.7318448703153401,1.1482789516448975,-0.045740304394708754,-0.045740304394708754
74,[-0.51659651  1.38064758 -3.18470857],[-1.32892075 -2.25961436 -2.5830042 ],0.7106928676162488,1.229166030883789,-0.04441830422601555,-0.04441830422601555
75,[-0.51658383  1.38060251 -3.18500906],[-1.32964521 -2.26026627 -2.58322405],0.689960322190594,1.1262588500976562,-0.043122520136912125,-0.043122520136912125
76,[-0.51657276  1.38055796 -3.1853051 ],[-1.33035789 -2.26091927 -2.58344266],0.6696357170205907,1.211629867553711,-0.041852232313786916,-0.041852232313786916
77,[-0.51656328  1.38051397 -3.18559682],[-1.33105891 -2.26157328 -2.58366001],0.6497078054997008,1.1434650421142578,-0.0406067378437313,-0.0406067378437313
78,[-0.51655539  1.38047056 -3.18588433],[-1.33174836 -2.26222823 -2.58387609],0.630165609637741,1.2110869884490967,-0.039385350602358815,-0.039385350602358815
79,[-0.51654908  1.38042778 -3.18616774],[-1.33242638 -2.26288402 -2.5840909 ],0.6109984177524612,1.1360557079315186,-0.038187401109528826,-0.038187401109528826
80,[-0.51654433  1.38038565 -3.18644717],[-1.33309307 -2.26354059 -2.58430442],0.5921957816963683,1.214967966079712,-0.03701223635602302,-0.03701223635602302
81,[-0.51654113  1.38034421 -3.18672271],[-1.33374854 -2.26419786 -2.58451665],0.5737475136654075,1.1309218406677246,-0.03585921960408797,-0.03585921960408797
82,[-0.51653948  1.38030349 -3.18699449],[-1.33439291 -2.26485576 -2.58472756],0.5556436826340334,1.2325167655944824,-0.03472773016462709,-0.03472773016462709
83,[-0.51653936  1.38026352 -3.1872626 ],[-1.33502631 -2.26551421 -2.58493715],0.5378746104586859,1.1893408298492432,-0.03361716315366787,-0.03361716315366787
84,[-0.51654075  1.38022434 -3.18752715],[-1.33564885 -2.26617315 -2.58514541],0.5204308676898894,1.2524762153625488,-0.03252692923061809,-0.03252692923061809
85,[-0.51654366  1.38018597 -3.18778823],[-1.33626064 -2.2668325  -2.58535233],0.5033032691305175,1.156358003616333,-0.03145645432065734,-0.03145645432065734
86,[-0.51654806  1.38014846 -3.18804596],[-1.3368618  -2.2674922  -2.58555788],0.4864828691758559,1.257011890411377,-0.030405179323490995,-0.030405179323490995
87,[-0.51655395  1.38011182 -3.18830043],[-1.33745246 -2.26815219 -2.58576207],0.4699609569685313,1.1556591987609863,-0.029372559810533206,-0.029372559810533206
88,[-0.51656131  1.38007609 -3.18855173],[-1.33803274 -2.2688124  -2.58596488],0.4537290513996588,1.2192409038543701,-0.028358065712478675,-0.028358065712478675
89,[-0.51657013  1.3800413  -3.18879997],[-1.33860274 -2.26947278 -2.58616629],0.43777889598489167,1.1310858726501465,-0.02736118099905573,-0.02736118099905573
90,[-0.51658041  1.38000747 -3.18904522],[-1.3391626  -2.27013325 -2.5863663 ],0.4221024536424076,1.2123041152954102,-0.026381403352650476,-0.026381403352650476
91,[-0.51659212  1.37997465 -3.18928759],[-1.33971243 -2.27079377 -2.5865649 ],0.4066919013975394,1.1345179080963135,-0.025418243837346213,-0.025418243837346213
92,[-0.51660526  1.37994285 -3.18952717],[-1.34025234 -2.27145428 -2.58676206],0.3915396250370312,1.2179300785064697,-0.02447122656481445,-0.02447122656481445
93,[-0.51661982  1.37991211 -3.18976404],[-1.34078246 -2.27211473 -2.58695779],0.3766382137338161,1.1342170238494873,-0.023539888358363507,-0.023539888358363507
94,[-0.51663579  1.37988244 -3.18999829],[-1.3413029  -2.27277506 -2.58715207],0.36198045466151657,1.2154381275177002,-0.022623778416344786,-0.022623778416344786
95,[-0.51665315  1.37985389 -3.19023   ],[-1.34181378 -2.27343522 -2.58734488],0.34755932761618447,1.1355609893798828,-0.02172245797601153,-0.02172245797601153
96,[-0.5166719   1.37982647 -3.19045926],[-1.34231521 -2.27409517 -2.58753623],0.33336799966096403,1.2339680194854736,-0.020835499978810252,-0.020835499978810252
97,[-0.51669201  1.3798002  -3.19068615],[-1.34280731 -2.27475485 -2.58772609],0.3193998198080133,1.1422760486602783,-0.01996248873800083,-0.01996248873800083
98,[-0.5167135   1.37977512 -3.19091074],[-1.34329019 -2.27541422 -2.58791445],0.30564831375045964,1.2204296588897705,-0.019103019609403728,-0.019103019609403728
99,[-0.51673633  1.37975125 -3.19113312],[-1.34376396 -2.27607324 -2.58810131],0.29210717865570635,1.1361689567565918,-0.018256698665981647,-0.018256698665981647
100,[-0.51676051  1.37972861 -3.19135337],[-1.34422874 -2.27673187 -2.58828666],0.2787702780302331,1.2369301319122314,-0.017423142376889567,-0.017423142376889567
101,[-0.51678602  1.37970722 -3.19157155],[-1.34468463 -2.27739006 -2.58847049],0.2656316366646572,1.151561975479126,-0.016601977291541076,-0.016601977291541076
102,[-0.51681285  1.37968711 -3.19178774],[-1.34513174 -2.27804778 -2.58865278],0.25268543566693474,1.2181191444396973,-0.01579283972918342,-0.01579283972918342
103,[-0.516841    1.37966829 -3.19200202],[-1.34557018 -2.27870498 -2.58883354],0.2399260075900599,1.1319870948791504,-0.014995375474378743,-0.014995375474378743
104,[-0.51687045  1.37965079 -3.19221445],[-1.34600006 -2.27936164 -2.58901274],0.22734783166029454,1.2186388969421387,-0.014209239478768409,-0.014209239478768409
105,[-0.5169012   1.37963463 -3.1924251 ],[-1.34642148 -2.28001771 -2.58919039],0.21494552911035963,1.141921043395996,-0.013434095569397477,-0.013434095569397477
106,[-0.51693324  1.37961982 -3.19263404],[-1.34683454 -2.28067316 -2.58936646],0.2027138586217362,1.2334060668945312,-0.012669616163858512,-0.012669616163858512
107,[-0.51696655  1.37960639 -3.19284134],[-1.34723935 -2.28132797 -2.58954097],0.19064771187906687,1.1375629901885986,-0.01191548199244168,-0.01191548199244168
108,[-0.51700113  1.37959435 -3.19304707],[-1.347636   -2.28198209 -2.58971389],0.17874210923925046,1.2263989448547363,-0.011171381827453154,-0.011171381827453154
109,[-0.51703697  1.37958372 -3.19325127],[-1.3480246  -2.28263551 -2.58988523],0.1669921955169019,1.1487128734588623,-0.010437012219806368,-0.010437012219806368
110,[-0.51707407  1.37957452 -3.19345403],[-1.34840525 -2.28328819 -2.59005497],0.15539323588756024,1.2363779544830322,-0.009712077242972515,-0.009712077242972515
111,[-0.51711241  1.37956676 -3.19365539],[-1.34877803 -2.2839401  -2.5902231 ],0.14394061190916924,1.178102970123291,-0.008996288244323077,-0.008996288244323077
112,[-0.51715199  1.37956045 -3.19385541],[-1.34914304 -2.28459123 -2.59038963],0.13262981766227094,1.3098831176757812,-0.008289363603891934,-0.008289363603891934
113,[-0.5171928   1.37955562 -3.19405417],[-1.34950038 -2.28524154 -2.59055455],0.12145645600855329,1.1979188919067383,-0.0075910285005345805,-0.0075910285005345805
114,[-0.51723484  1.37955228 -3.1942517 ],[-1.34985014 -2.28589102 -2.59071785],0.11041623496732843,1.3834402561187744,-0.006901014685458027,-0.006901014685458027
115,[-0.51727809  1.37955043 -3.19444808],[-1.3501924  -2.28653963 -2.59087952],0.09950496420896555,1.1537652015686035,-0.006219060263060347,-0.006219060263060347
116,[-0.51732255  1.3795501  -3.19464334],[-1.35052725 -2.28718736 -2.59103956],0.08871855166414201,1.2234587669372559,-0.005544909479008876,-0.005544909479008876
117,[-0.51736822  1.3795513  -3.19483755],[-1.35085479 -2.2878342  -2.59119797],0.07805300024748822,1.151350975036621,-0.004878312515468014,-0.004878312515468014
118,[-0.51741508  1.37955402 -3.19503077],[-1.35117509 -2.28848011 -2.59135474],0.0675044046939723,1.2258570194244385,-0.004219025293373269,-0.004219025293373269
119,[-0.51746313  1.3795583  -3.19522303],[-1.35148824 -2.28912509 -2.59150987],0.057068948506207196,1.137779951095581,-0.0035668092816379497,-0.0035668092816379497
120,[-0.51751238  1.37956413 -3.19541438],[-1.35179432 -2.28976911 -2.59166335],0.046742901010662294,1.237900733947754,-0.0029214313131663934,-0.0029214313131663934
121,[-0.5175628   1.37957153 -3.19560489],[-1.35209341 -2.29041216 -2.59181518],0.036522614520713044,1.141921043395996,-0.0022826634075445652,-0.0022826634075445652
122,[-0.51761439  1.37958051 -3.1957946 ],[-1.35238558 -2.29105423 -2.59196536],0.026404521604284657,1.2264881134033203,-0.001650282600267791,-0.001650282600267791
123,[-0.51766716  1.37959108 -3.19598354],[-1.35267092 -2.29169529 -2.59211389],0.016385132453801632,1.1283378601074219,-0.001024070778362602,-0.001024070778362602
124,[-0.5177211   1.37960324 -3.19617178],[-1.3529495  -2.29233535 -2.59226075],0.006461032356096869,1.2502458095550537,-0.00040381452225605433,-0.00040381452225605433
125,[-0.51777619  1.37961699 -3.19635935],[-1.3532214  -2.29297437 -2.59240596],-0.0033711207401565108,1.1513638496398926,0.00021069504625978192,0.00021069504625978192
126,[-0.51783244  1.37963236 -3.1965463 ],[-1.35348668 -2.29361236 -2.5925495 ],-0.013114598561860293,1.2599201202392578,0.0008196624101162683,0.0008196624101162683
127,[-0.51788984  1.37964935 -3.19673267],[-1.35374541 -2.29424929 -2.59269137],-0.02277260475621605,1.2806828022003174,0.0014232877972635031,0.0014232877972635031
128,[-0.51794839  1.37966796 -3.1969185 ],[-1.35399767 -2.29488516 -2.59283158],-0.032348277045196286,1.2846689224243164,0.002021767315324768,0.002021767315324768
129,[-0.51800808  1.37968819 -3.19710384],[-1.35424353 -2.29551997 -2.59297012],-0.041844689292187515,1.16827392578125,0.0026152930807617197,0.0026152930807617197
130,[-0.51806892  1.37971006 -3.19728872],[-1.35448304 -2.29615369 -2.59310699],-0.05126485348312973,1.2946670055389404,0.003204053342695608,0.003204053342695608
131,[-0.51813089  1.37973357 -3.19747319],[-1.35471627 -2.29678632 -2.5932422 ],-0.060611721624603945,1.1968410015106201,0.0037882326015377466,0.0037882326015377466
132,[-0.51819399  1.37975872 -3.19765728],[-1.35494329 -2.29741786 -2.59337572],-0.06988818756113624,1.285154104232788,0.004368011722571015,0.004368011722571015
133,[-0.51825822  1.37978551 -3.19784102],[-1.35516416 -2.29804829 -2.59350758],-0.0790970887139459,1.1729638576507568,0.004943568044621619,0.004943568044621619
134,[-0.51832358  1.37981396 -3.19802447],[-1.35537893 -2.29867761 -2.59363776],-0.08824120774345715,1.2275218963623047,0.005515075483966072,0.005515075483966072
135,[-0.51839007  1.37984406 -3.19820765],[-1.35558767 -2.29930581 -2.59376627],-0.09732327413759102,1.1677660942077637,0.006082704633599439,0.006082704633599439
136,[-0.51845767  1.37987582 -3.19839059],[-1.35579044 -2.29993289 -2.59389311],-0.10634596572805322,1.2927360534667969,0.006646622858003326,0.006646622858003326
137,[-0.5185264   1.37990924 -3.19857334],[-1.35598729 -2.30055883 -2.59401827],-0.11531191013658752,1.15274977684021,0.00720699438353672,0.00720699438353672
138,[-0.51859624  1.37994432 -3.19875592],[-1.35617827 -2.30118364 -2.59414175],-0.12422368615311391,1.2367758750915527,0.007763980384569619,0.007763980384569619
139,[-0.51866719  1.37998107 -3.19893838],[-1.35636344 -2.30180731 -2.59426357],-0.1330838250477262,1.1593549251556396,0.008317739065482888,0.008317739065482888
140,[-0.51873926  1.38001948 -3.19912073],[-1.35654285 -2.30242983 -2.5943837 ],-0.14189481181826583,1.2267999649047852,0.008868425738641614,0.008868425738641614
141,[-0.51881243  1.38005956 -3.19930302],[-1.35671655 -2.3030512  -2.59450217],-0.15065908637532885,1.1453297138214111,0.009416192898458053,0.009416192898458053
142,[-0.51888671  1.3801013  -3.19948528],[-1.3568846  -2.30367141 -2.59461896],-0.15937904466623717,1.2331459522247314,0.009961190291639823,0.009961190291639823
143,[-0.5189621   1.38014471 -3.19966752],[-1.35704703 -2.30429047 -2.59473408],-0.1680570397397353,1.1592729091644287,0.010503564983733456,0.010503564983733456
144,[-0.51903859  1.38018979 -3.19984979],[-1.35720391 -2.30490837 -2.59484753],-0.1766953827527864,1.236177921295166,0.01104346142204915,0.01104346142204915
145,[-0.51911619  1.38023654 -3.20003212],[-1.35735526 -2.3055251  -2.5949593 ],-0.18529634392106903,1.137648105621338,0.011581021495066814,0.011581021495066814
146,[-0.51919489  1.38028496 -3.20021452],[-1.35750114 -2.30614066 -2.59506941],-0.19386215341442703,1.2751123905181885,0.01211638458840169,0.01211638458840169
147,[-0.51927468  1.38033505 -3.20039703],[-1.3576416  -2.30675505 -2.59517784],-0.20239500219875187,1.1599719524383545,0.012649687637421992,0.012649687637421992
148,[-0.51935558  1.3803868  -3.20057967],[-1.35777667 -2.30736826 -2.59528461],-0.21089704282543414,1.2554643154144287,0.013181065176589634,0.013181065176589634
149,[-0.51943757  1.38044021 -3.20076248],[-1.3579064 -2.3079803 -2.5953897],-0.21937039016960633,1.1733176708221436,0.013710649385600395,0.013710649385600395
150,[-0.51952066  1.38049529 -3.20094547],[-1.35803083 -2.30859116 -2.59549313],-0.22781712211842786,1.2648119926452637,0.014238570132401741,0.014238570132401741
151,[-0.51960484  1.38055204 -3.20112867],[-1.35814999 -2.30920083 -2.5955949 ],-0.23623928021034982,1.1767587661743164,0.014764955013146864,0.014764955013146864
152,[-0.51969012  1.38061044 -3.2013121 ],[-1.35826393 -2.30980932 -2.59569499],-0.24463887022646016,1.2575559616088867,0.01528992938915376,0.01528992938915376
153,[-0.51977649  1.3806705  -3.2014958 ],[-1.35837269 -2.31041662 -2.59579343],-0.2530178627349133,1.1723918914794922,0.01581361642093208,0.01581361642093208
154,[-0.51986395  1.38073222 -3.20167977],[-1.35847629 -2.31102273 -2.5958902 ],-0.2613781935893285,1.276548147201538,0.016336137099333032,0.016336137099333032
155,[-0.51995251  1.38079559 -3.20186405],[-1.35857478 -2.31162764 -2.5959853 ],-0.2697217643821065,1.1671359539031982,0.016857610273881656,0.016857610273881656
156,[-0.52004216  1.38086061 -3.20204865],[-1.3586682  -2.31223136 -2.59607874],-0.2780504428534125,1.2843172550201416,0.017378152678338282,0.017378152678338282
157,[-0.52013289  1.38092727 -3.2022336 ],[-1.35875657 -2.31283388 -2.59617053],-0.28636606325677855,1.1546847820281982,0.01789787895354866,0.01789787895354866
158,[-0.52022472  1.38099558 -3.20241892],[-1.35883993 -2.3134352  -2.59626065],-0.29467042668194615,1.2475810050964355,0.018416901667621634,0.018416901667621634
159,[-0.52031764  1.38106553 -3.20260462],[-1.35891831 -2.31403532 -2.59634911],-0.30296530133588706,1.17274808883667,0.01893533133349294,0.01893533133349294
160,[-0.52041164  1.38113712 -3.20279073],[-1.35899175 -2.31463422 -2.59643591],-0.3112524227825096,1.3122401237487793,0.01945327642390685,0.01945327642390685
161,[-0.52050674  1.38121034 -3.20297726],[-1.35906027 -2.31523191 -2.59652106],-0.31953349414192894,1.1731231212615967,0.01997084338387056,0.01997084338387056
162,[-0.52060292  1.38128519 -3.20316424],[-1.35912391 -2.31582839 -2.59660454],-0.32781018624995467,1.2477400302886963,0.020488136640622167,0.020488136640622167
163,[-0.52070019  1.38136166 -3.20335167],[-1.3591827  -2.31642365 -2.59668637],-0.33608413777831386,1.1481468677520752,0.021005258611144616,0.021005258611144616
164,[-0.52079855  1.38143976 -3.20353958],[-1.35923666 -2.31701769 -2.59676655],-0.3443569553165166,1.2464909553527832,0.021522309707282288,0.021522309707282288
165,[-0.520898    1.38151946 -3.20372799],[-1.35928582 -2.3176105  -2.59684506],-0.3526302134158059,1.1447060108184814,0.02203938833848787,0.02203938833848787
166,[-0.52099853  1.38160078 -3.2039169 ],[-1.35933021 -2.31820207 -2.59692192],-0.3609054545959945,1.2470862865447998,0.022556590912249656,0.022556590912249656
167,[-0.52110015  1.3816837  -3.20410634],[-1.35936986 -2.31879242 -2.59699713],-0.3691841893157606,1.1447842121124268,0.023074011832235036,0.023074011832235036
168,[-0.52120285  1.38176822 -3.20429631],[-1.3594048  -2.31938152 -2.59707068],-0.3774678959070667,1.25677490234375,0.02359174349419167,0.02359174349419167
169,[-0.52130664  1.38185434 -3.20448684],[-1.35943505 -2.31996937 -2.59714257],-0.3857580204744575,1.1854217052459717,0.024109876279653594,0.024109876279653594
170,[-0.52141151  1.38194204 -3.20467794],[-1.35946063 -2.32055597 -2.59721281],-0.3940559767598523,1.335326910018921,0.02462849854749077,0.02462849854749077
171,[-0.52151747  1.38203132 -3.20486961],[-1.35948158 -2.32114132 -2.59728139],-0.4023631459735463,1.1430470943450928,0.025147696623346642,0.025147696623346642
172,[-0.52162452  1.38212218 -3.20506187],[-1.35949792 -2.3217254  -2.59734832],-0.41068087659224023,1.2212133407592773,0.025667554787015014,0.025667554787015014
173,[-0.52173265  1.38221461 -3.20525473],[-1.35950966 -2.32230821 -2.59741359],-0.4190104841247703,1.12729811668396,0.026188155257798145,0.026188155257798145
174,[-0.52184186  1.38230861 -3.2054482 ],[-1.35951684 -2.32288974 -2.59747721],-0.4273532508463794,1.2146389484405518,0.02670957817789871,0.02670957817789871
175,[-0.52195215  1.38240415 -3.2056423 ],[-1.35951948 -2.32346999 -2.59753917],-0.4357104255024225,1.125364065170288,0.027231901593901407,0.027231901593901407
176,[-0.52206353  1.38250125 -3.20583703],[-1.3595176  -2.32404894 -2.59759947],-0.4440832229822315,1.244513988494873,0.02775520143638947,0.02775520143638947
177,[-0.52217599  1.38259989 -3.2060324 ],[-1.35951122 -2.3246266  -2.59765811],-0.45247282396432925,1.1371638774871826,0.028279551497770578,0.028279551497770578
178,[-0.52228953  1.38270007 -3.20622841],[-1.35950038 -2.32520294 -2.59771509],-0.4608803745336638,1.2247838973999023,0.02880502340835399,0.02880502340835399
179,[-0.52240416  1.38280177 -3.20642509],[-1.35948508 -2.32577796 -2.59777041],-0.46930698577213226,1.1957340240478516,0.029331686610758266,0.029331686610758266
180,[-0.52251986  1.382905   -3.20662243],[-1.35946535 -2.32635165 -2.59782407],-0.4777537333234398,1.2470660209655762,0.029859608332714987,0.029859608332714987
181,[-0.52263664  1.38300973 -3.20682043],[-1.35944122 -2.326924   -2.59787606],-0.4862216569333543,1.148392915725708,0.030388853558334643,0.030388853558334643
182,[-0.5227545   1.38311597 -3.20701911],[-1.3594127  -2.327495   -2.59792639],-0.49471175996665884,1.2141351699829102,0.030919484997916177,0.030919484997916177
183,[-0.52287344  1.3832237  -3.20721848],[-1.35937982 -2.32806464 -2.59797506],-0.5032250089021693,1.135920763015747,0.03145156305638558,0.03145156305638558
184,[-0.52299345  1.38333292 -3.20741852],[-1.3593426  -2.32863291 -2.59802205],-0.5117623328070109,1.2289378643035889,0.03198514580043818,0.03198514580043818
185,[-0.52311454  1.38344362 -3.20761926],[-1.35930105 -2.32919979 -2.59806738],-0.5203246227917511,1.1371147632598877,0.03252028892448444,0.03252028892448444
186,[-0.5232367   1.38355579 -3.20782068],[-1.35925521 -2.32976527 -2.59811103],-0.5289127314478578,1.2640960216522217,0.03305704571549111,0.03305704571549111
187,[-0.52335994  1.38366941 -3.2080228 ],[-1.35920509 -2.33032934 -2.59815301],-0.5375274722691226,1.151761770248413,0.03359546701682016,0.03359546701682016
188,[-0.52348425  1.38378449 -3.20822561],[-1.35915071 -2.33089199 -2.59819331],-0.5461696190586961,1.2372400760650635,0.034135601191168506,0.034135601191168506
189,[-0.52360963  1.38390101 -3.20842912],[-1.3590921  -2.33145319 -2.59823194],-0.5548399053236012,1.1362788677215576,0.03467749408272507,0.03467749408272507
190,[-0.52373607  1.38401896 -3.20863332],[-1.35902927 -2.33201294 -2.59826888],-0.5635390236585295,1.2527930736541748,0.03522118897865809,0.03522118897865809
191,[-0.52386358  1.38413832 -3.20883821],[-1.35896225 -2.33257122 -2.59830413],-0.5722676251209368,1.2933070659637451,0.03576672657005855,0.03576672657005855
192,[-0.52399216  1.3842591  -3.2090438 ],[-1.35889106 -2.333128   -2.5983377 ],-0.581026318599486,1.2228832244873047,0.03631414491246787,0.03631414491246787
193,[-0.5241218   1.38438128 -3.20925008],[-1.35881571 -2.33368329 -2.59836958],-0.589815670178003,1.2146129608154297,0.036863479386125185,0.036863479386125185
194,[-0.5242525   1.38450485 -3.20945704],[-1.35873624 -2.33423705 -2.59839977],-0.5986362024972041,1.3266539573669434,0.037414762656075254,0.037414762656075254
195,[-0.52438426  1.38462979 -3.20966469],[-1.35865266 -2.33478927 -2.59842825],-0.607488394116444,1.1699252128601074,0.03796802463227775,0.03796802463227775
196,[-0.52451707  1.3847561  -3.20987302],[-1.35856499 -2.33533993 -2.59845504],-0.6163726788781846,1.2810428142547607,0.03852329242988654,0.03852329242988654
197,[-0.52465093  1.38488377 -3.21008203],[-1.35847326 -2.33588902 -2.59848012],-0.6252894452773177,1.1575241088867188,0.039080590329832354,0.039080590329832354
198,[-0.52478585  1.38501278 -3.2102917 ],[-1.35837748 -2.3364365  -2.5985035 ],-0.6342390358383821,1.2650330066680908,0.039639939739898884,0.039639939739898884
199,[-0.52492181  1.38514312 -3.21050203],[-1.35827769 -2.33698237 -2.59852516],-0.6432217465030643,1.1568350791931152,0.04020135915644152,0.04020135915644152
0,[-0.40211259 -2.97834473  0.31066317],[-0.40279999 -0.49743284 -1.0656165 ],2.527430397608637,1.2295458316802979,-0.1579643998505398,-0.1579643998505398
1,[-0.40203936 -2.97807094  0.30935521],[-0.3994882  -0.49489036 -1.06523931],2.0989715619782805,1.1414079666137695,-0.13118572262364253,-0.13118572262364253
2,[-0.40193481 -2.97786538  0.30811433],[-0.39645466 -0.49270803 -1.06490925],1.7418050946006065,1.2262938022613525,-0.1088628184125379,-0.1088628184125379
3,[-0.40179959 -2.97772067  0.30693793],[-0.39369553 -0.4908665  -1.06462685],1.447721582857818,1.1398289203643799,-0.09048259892861363,-0.09048259892861363
4,[-0.4016359  -2.9776292   0.30582197],[-0.39119813 -0.48933927 -1.06439054],1.207109902724854,1.2045869827270508,-0.07544436892030337,-0.07544436892030337
5,[-0.40144683 -2.97758359  0.30476166],[-0.38894431 -0.48809611 -1.06419722],1.0103666388904056,1.1576120853424072,-0.06314791493065035,-0.06314791493065035
6,[-0.401236   -2.97757691  0.30375196],[-0.3869131  -0.48710554 -1.06404279],0.8487536065501888,1.3261151313781738,-0.0530471004093868,-0.0530471004093868
7,[-0.40100719 -2.97760286  0.30278793],[-0.38508268 -0.4863367  -1.06392264],0.7147989355912802,1.2552039623260498,-0.04467493347445501,-0.04467493347445501
8,[-0.40076411 -2.97765581  0.30186493],[-0.38343168 -0.48576045 -1.06383202],0.6023861196894645,1.265226125717163,-0.037649132480591534,-0.037649132480591534
9,[-0.40051023 -2.97773076  0.30097874],[-0.38193996 -0.48535004 -1.06376632],0.5066630900656593,1.176914930343628,-0.03166644312910371,-0.03166644312910371
10,[-0.40024874 -2.97782336  0.30012561],[-0.38058908 -0.48508135 -1.0637212 ],0.42386797956727135,1.2527790069580078,-0.02649174872295446,-0.02649174872295446
11,[-0.39998249 -2.97792982  0.29930224],[-0.37936244 -0.484933   -1.06369273],0.35113225189486563,1.165208101272583,-0.021945765743429102,-0.021945765743429102
12,[-0.39971398 -2.97804687  0.29850577],[-0.37824533 -0.48488619 -1.06367741],0.286294160646545,1.253485918045044,-0.017893385040409063,-0.017893385040409063
13,[-0.39944536 -2.97817169  0.29773374],[-0.3772248  -0.48492455 -1.06367216],0.2277372646042698,1.1740450859069824,-0.014233579037766862,-0.014233579037766862
14,[-0.39917848 -2.97830185  0.29698407],[-0.37628959 -0.48503394 -1.06367436],0.174258087351169,1.2525379657745361,-0.010891130459448062,-0.010891130459448062
15,[-0.39891488 -2.9784353   0.29625496],[-0.37542988 -0.48520216 -1.06368174],0.12496152957968967,1.1919090747833252,-0.0078100955987306046,-0.0078100955987306046
16,[-0.39865586 -2.97857027  0.29554488],[-0.3746372  -0.48541878 -1.0636924 ],0.07918029315018449,1.2233178615570068,-0.0049487683218865305,-0.0049487683218865305
17,[-0.39840248 -2.97870527  0.29485255],[-0.37390421 -0.48567488 -1.06370478],0.03641395064559308,1.1442179679870605,-0.0022758719153495675,-0.0022758719153495675
18,[-0.39815558 -2.97883903  0.29417686],[-0.3732246  -0.48596289 -1.06371757],-0.003716481824486778,1.2454562187194824,0.00023228011403042363,0.00023228011403042363
19,[-0.39791585 -2.97897048  0.29351688],[-0.37259291 -0.48627638 -1.0637297 ],-0.04150203775614098,1.1310248374938965,0.0025938773597588114,0.0025938773597588114
20,[-0.3976838  -2.97909874  0.29287181],[-0.37200442 -0.48660991 -1.06374031],-0.07717027007197601,1.2214548587799072,0.0048231418794985005,0.0048231418794985005
21,[-0.39745984 -2.97922307  0.29224095],[-0.37145505 -0.48695889 -1.06374872],-0.11090298972379709,1.1298820972442627,0.006931436857737318,0.006931436857737318
22,[-0.39724423 -2.97934287  0.29162372],[-0.37094125 -0.48731949 -1.0637544 ],-0.1428490355213503,1.2467939853668213,0.008928064720084394,0.008928064720084394
23,[-0.39703716 -2.97945764  0.2910196 ],[-0.37045995 -0.48768846 -1.06375693],-0.17313340754467837,1.1390130519866943,0.010820837971542398,0.010820837971542398
24,[-0.39683872 -2.97956698  0.29042813],[-0.37000846 -0.48806314 -1.06375601],-0.20186375875176624,1.219353199005127,0.01261648492198539,0.01261648492198539
25,[-0.39664894 -2.9796706   0.28984891],[-0.36958442 -0.48844129 -1.06375143],-0.22913498009511513,1.1455538272857666,0.014320936255944695,0.014320936255944695
26,[-0.3964678  -2.97976825  0.28928158],[-0.36918576 -0.48882106 -1.06374303],-0.2550324185518164,1.236708164215088,0.015939526159488526,0.015939526159488526
27,[-0.39629522 -2.97985976  0.28872581],[-0.36881063 -0.48920094 -1.06373072],-0.2796341211873814,1.15022611618042,0.017477132574211338,0.017477132574211338
28,[-0.39613108 -2.97994502  0.28818131],[-0.36845742 -0.4895797  -1.06371446],-0.3030123901136198,1.2226271629333496,0.018938274382101238,0.018938274382101238
29,[-0.39597524 -2.98002395  0.28764781],[-0.36812466 -0.48995635 -1.06369425],-0.32523485364286797,1.161383867263794,0.020327178352679248,0.020327178352679248
30,[-0.39582752 -2.98009652  0.28712503],[-0.36781103 -0.49033009 -1.06367012],-0.3463652008079041,1.2679319381713867,0.021647825050494007,0.021647825050494007
31,[-0.39568773 -2.98016274  0.28661274],[-0.36751536 -0.4907003  -1.06364211],-0.36646368414744546,1.2071728706359863,0.02290398025921534,0.02290398025921534
32,[-0.39555566 -2.98022264  0.28611072],[-0.36723656 -0.49106649 -1.0636103 ],-0.3855874650567437,1.316925048828125,0.02409921656604648,0.02409921656604648
33,[-0.39543109 -2.98027627  0.28561872],[-0.36697364 -0.49142831 -1.06357478],-0.40379085394362096,1.1503431797027588,0.02523692837147631,0.02523692837147631
34,[-0.39531379 -2.98032372  0.28513655],[-0.36672569 -0.49178548 -1.06353564],-0.42112548159622265,1.2635471820831299,0.026320342599763916,0.026320342599763916
35,[-0.39520353 -2.98036508  0.284664  ],[-0.36649189 -0.49213783 -1.06349299],-0.43764042685540433,1.1448369026184082,0.02735252667846277,0.02735252667846277
36,[-0.39510006 -2.98040046  0.28420086],[-0.36627145 -0.49248525 -1.06344693],-0.45338231764359815,1.228525161743164,0.028336394852724885,0.028336394852724885
37,[-0.39500315 -2.98042998  0.28374693],[-0.36606364 -0.49282768 -1.06339758],-0.46839541672207774,1.1451399326324463,0.02927471354512986,0.02927471354512986
38,[-0.39491256 -2.98045377  0.28330202],[-0.36586779 -0.49316513 -1.06334505],-0.482721699566758,1.2294740676879883,0.030170106222922374,0.030170106222922374
39,[-0.39482805 -2.98047197  0.28286594],[-0.36568325 -0.49349763 -1.06328947],-0.4964009289873639,1.1380181312561035,0.031025058061710242,0.031025058061710242
40,[-0.3947494  -2.98048472  0.2824385 ],[-0.36550942 -0.49382524 -1.06323094],-0.5094707292188347,1.235598087310791,0.03184192057617717,0.03184192057617717
41,[-0.39467636 -2.98049217  0.28201952],[-0.36534574 -0.49414805 -1.06316957],-0.5219666609339533,1.1620962619781494,0.03262291630837208,0.03262291630837208
42,[-0.39460872 -2.98049448  0.28160882],[-0.36519166 -0.49446617 -1.06310549],-0.533922297782383,1.2292301654815674,0.033370143611398936,0.033370143611398936
43,[-0.39454625 -2.9804918   0.28120621],[-0.36504666 -0.49477974 -1.06303879],-0.545369304522431,1.1367919445037842,0.03408558153265194,0.03408558153265194
44,[-0.39448875 -2.98048428  0.28081151],[-0.36491027 -0.49508888 -1.06296959],-0.556337516485042,1.2519569396972656,0.03477109478031513,0.03477109478031513
45,[-0.39443601 -2.98047208  0.28042456],[-0.36478201 -0.49539375 -1.06289798],-0.5668550199274697,1.1573381423950195,0.035428438745466855,0.035428438745466855
46,[-0.39438782 -2.98045535  0.28004518],[-0.36466143 -0.4956945  -1.06282407],-0.5769482327499487,1.2152938842773438,0.03605926454687179,0.03605926454687179
47,[-0.394344   -2.98043425  0.27967321],[-0.36454812 -0.49599129 -1.06274794],-0.5866419850286655,1.1438579559326172,0.03666512406429159,0.03666512406429159
48,[-0.39430436 -2.98040893  0.27930846],[-0.36444165 -0.49628428 -1.0626697 ],-0.5959595988387276,1.2267589569091797,0.037247474927420476,0.037247474927420476
49,[-0.39426871 -2.98037954  0.2789508 ],[-0.36434165 -0.49657362 -1.06258943],-0.6049229668858787,1.1327621936798096,0.037807685430367416,0.037807685430367416
50,[-0.3942369  -2.98034623  0.27860004],[-0.36424775 -0.49685948 -1.06250721],-0.613552629523494,1.215094804763794,0.038347039345218374,0.038347039345218374
51,[-0.39420874 -2.98030915  0.27825603],[-0.36415957 -0.49714202 -1.06242313],-0.6218678497948343,1.129338264465332,0.038866740612177146,0.038866740612177146
52,[-0.39418409 -2.98026844  0.27791862],[-0.36407678 -0.49742139 -1.06233727],-0.6298866862043249,1.218169927597046,0.039367917887770304,0.039367917887770304
53,[-0.39416279 -2.98022424  0.27758765],[-0.36399905 -0.49769774 -1.06224969],-0.6376260629832635,1.1284880638122559,0.03985162893645397,0.03985162893645397
54,[-0.3941447  -2.9801767   0.27726298],[-0.36392606 -0.49797123 -1.06216047],-0.6451018376717481,1.220839023590088,0.04031886485448426,0.04031886485448426
55,[-0.39412967 -2.98012593  0.27694446],[-0.36385751 -0.49824201 -1.06206968],-0.6523288658901177,1.1306021213531494,0.04077055411813236,0.04077055411813236
56,[-0.39411759 -2.98007209  0.27663194],[-0.36379312 -0.4985102  -1.06197739],-0.6593210632184363,1.2292389869689941,0.04120756645115227,0.04120756645115227
57,[-0.39410832 -2.98001528  0.27632528],[-0.3637326  -0.49877596 -1.06188365],-0.6660914641420279,1.1404321193695068,0.041630716508876744,0.041630716508876744
58,[-0.39410173 -2.97995565  0.27602435],[-0.36367569 -0.4990394  -1.06178853],-0.6726522780544838,1.2130029201507568,0.04204076737840524,0.04204076737840524
59,[-0.39409773 -2.97989331  0.27572902],[-0.36362213 -0.49930067 -1.06169208],-0.6790149423382404,1.1409931182861328,0.04243843389614003,0.04243843389614003
60,[-0.3940962  -2.97982837  0.27543914],[-0.36357168 -0.49955989 -1.06159436],-0.685190172565751,1.210237979888916,0.04282438578535944,0.04282438578535944
61,[-0.39409703 -2.97976096  0.27515459],[-0.36352411 -0.49981717 -1.06149541],-0.6911880098838488,1.1334059238433838,0.04319925061774055,0.04319925061774055
62,[-0.39410013 -2.97969118  0.27487525],[-0.36347919 -0.50007262 -1.0613953 ],-0.6970178656585286,1.2254290580749512,0.04356361660365804,0.04356361660365804
63,[-0.39410541 -2.97961915  0.27460098],[-0.36343671 -0.50032637 -1.06129406],-0.7026885634694491,1.1401348114013672,0.04391803521684057,0.04391803521684057
64,[-0.39411278 -2.97954497  0.27433169],[-0.36339647 -0.5005785  -1.06119174],-0.7082083785521578,1.220815896987915,0.04426302365950986,0.04426302365950986
65,[-0.39412216 -2.97946873  0.27406723],[-0.36335827 -0.50082913 -1.06108839],-0.7135850747921543,1.1355249881744385,0.04459906717450964,0.04459906717450964
66,[-0.39413346 -2.97939054  0.27380751],[-0.36332192 -0.50107834 -1.06098405],-0.7188259393793324,1.2267420291900635,0.04492662121120827,0.04492662121120827
67,[-0.39414662 -2.97931049  0.27355241],[-0.36328726 -0.50132624 -1.06087876],-0.7239378152332459,1.1244652271270752,0.045246113452077866,0.045246113452077866
68,[-0.39416156 -2.97922868  0.27330183],[-0.36325411 -0.50157291 -1.06077255],-0.7289271313108158,1.269232988357544,0.045557945706925985,0.045557945706925985
69,[-0.39417822 -2.97914518  0.27305564],[-0.3632223  -0.50181842 -1.06066546],-0.7337999309074938,1.198667049407959,0.045862495681718365,0.045862495681718365
70,[-0.39419654 -2.9790601   0.27281376],[-0.3631917  -0.50206287 -1.06055753],-0.7385618980612987,1.3242580890655518,0.04616011862883117,0.04616011862883117
71,[-0.39421645 -2.97897351  0.27257609],[-0.36316214 -0.50230632 -1.06044879],-0.7432183821673484,1.3753340244293213,0.04645114888545927,0.04645114888545927
72,[-0.3942379  -2.97888548  0.27234252],[-0.3631335  -0.50254886 -1.06033928],-0.747774420906993,1.337007999420166,0.04673590130668706,0.04673590130668706
73,[-0.39426084 -2.97879611  0.27211295],[-0.36310564 -0.50279054 -1.06022902],-0.7522347615930582,1.2753689289093018,0.04701467259956614,0.04701467259956614
74,[-0.39428522 -2.97870546  0.2718873 ],[-0.36307844 -0.50303144 -1.06011805],-0.7566038810280753,1.385392665863037,0.047287742564254706,0.047287742564254706
75,[-0.39431099 -2.9786136   0.27166548],[-0.36305177 -0.50327162 -1.06000639],-0.7608860039694159,1.391571044921875,0.04755537524808849,0.04755537524808849
76,[-0.39433811 -2.9785206   0.2714474 ],[-0.36302553 -0.50351113 -1.05989407],-0.7650851202900694,1.437011957168579,0.047817820018129335,0.047817820018129335
77,[-0.39436655 -2.97842654  0.27123296],[-0.36299962 -0.50375003 -1.05978112],-0.7692050009204464,1.2051291465759277,0.0480753125575279,0.0480753125575279
78,[-0.39439625 -2.97833146  0.2710221 ],[-0.36297392 -0.50398838 -1.05966756],-0.7732492126517574,1.2961530685424805,0.04832807579073484,0.04832807579073484
79,[-0.39442719 -2.97823545  0.27081472],[-0.36294835 -0.50422622 -1.05955343],-0.7772211318774147,1.1931421756744385,0.04857632074233842,0.04857632074233842
80,[-0.39445933 -2.97813854  0.27061074],[-0.36292281 -0.50446361 -1.05943873],-0.781123957344878,1.2952938079833984,0.04882024733405488,0.04882024733405488
81,[-0.39449264 -2.97804081  0.2704101 ],[-0.36289723 -0.50470059 -1.0593235 ],-0.7849607219859275,1.181771993637085,0.04906004512412047,0.04906004512412047
82,[-0.3945271  -2.9779423   0.27021271],[-0.36287152 -0.5049372  -1.05920776],-0.7887343038896891,1.3275418281555176,0.04929589399310557,0.04929589399310557
83,[-0.39456267 -2.97784307  0.27001849],[-0.36284561 -0.50517348 -1.05909153],-0.7924474364786367,1.1485981941223145,0.04952796477991479,0.04952796477991479
84,[-0.39459933 -2.97774317  0.26982739],[-0.36281942 -0.50540947 -1.05897482],-0.796102717944024,1.2967021465301514,0.0497564198715015,0.0497564198715015
85,[-0.39463705 -2.97764265  0.26963932],[-0.3627929  -0.50564522 -1.05885767],-0.7997026199940042,1.1774051189422607,0.04998141374962526,0.04998141374962526
86,[-0.39467582 -2.97754155  0.26945423],[-0.36276598 -0.50588074 -1.05874008],-0.803249495963755,1.220700979232788,0.050203093497734684,0.050203093497734684
87,[-0.39471561 -2.97743992  0.26927203],[-0.3627386  -0.50611608 -1.05862209],-0.8067455883341612,1.1419751644134521,0.050421599270885076,0.050421599270885076
88,[-0.3947564  -2.9773378   0.26909268],[-0.36271071 -0.50635127 -1.0585037 ],-0.8101930357021323,1.2160561084747314,0.05063706473138327,0.05063706473138327
89,[-0.39479818 -2.97723523  0.26891611],[-0.36268226 -0.50658633 -1.05838493],-0.8135938792430197,1.1446058750152588,0.05084961745268873,0.05084961745268873
90,[-0.39484093 -2.97713225  0.26874224],[-0.3626532 -0.5068213 -1.0582658],-0.8169500687026606,1.2515168190002441,0.05105937929391629,0.05105937929391629
91,[-0.39488463 -2.9770289   0.26857104],[-0.36262349 -0.50705619 -1.05814634],-0.8202634679539846,1.1260948181152344,0.05126646674712404,0.05126646674712404
92,[-0.39492928 -2.97692521  0.26840243],[-0.3625931  -0.50729104 -1.05802654],-0.8235358601508294,1.2148196697235107,0.051470991259426835,0.051470991259426835
93,[-0.39497485 -2.97682123  0.26823636],[-0.36256197 -0.50752586 -1.05790643],-0.8267689525090166,1.1379950046539307,0.05167305953181354,0.05167305953181354
94,[-0.39502134 -2.97671697  0.26807277],[-0.36253009 -0.50776068 -1.05778603],-0.829964380742926,1.2265210151672363,0.051872773796432875,0.051872773796432875
95,[-0.39506873 -2.97661248  0.26791162],[-0.36249742 -0.50799551 -1.05766535],-0.8331237131835328,1.1364307403564453,0.0520702320739708,0.0520702320739708
96,[-0.39511702 -2.97650777  0.26775284],[-0.36246392 -0.50823038 -1.0575444 ],-0.8362484546020477,1.2183313369750977,0.05226552841262798,0.05226552841262798
97,[-0.39516619 -2.97640289  0.26759638],[-0.36242959 -0.5084653  -1.0574232 ],-0.8393400497615718,1.1253340244293213,0.05245875311009824,0.05245875311009824
98,[-0.39521625 -2.97629786  0.2674422 ],[-0.36239438 -0.5087003  -1.05730175],-0.8423998867175893,1.2163989543914795,0.05264999291984933,0.05264999291984933
99,[-0.39526717 -2.9761927   0.26729025],[-0.36235828 -0.50893537 -1.05718008],-0.8454292998862676,1.1372828483581543,0.052839331242891724,0.052839331242891724
100,[-0.39531896 -2.97608744  0.26714047],[-0.36232128 -0.50917055 -1.0570582 ],-0.8484295728986924,1.2127411365509033,0.05302684830616827,0.05302684830616827
101,[-0.3953716  -2.9759821   0.26699282],[-0.36228335 -0.50940584 -1.05693612],-0.8514019412570228,1.1439809799194336,0.05321262132856393,0.05321262132856393
102,[-0.3954251  -2.9758767   0.26684726],[-0.36224449 -0.50964126 -1.05681385],-0.8543475948081992,1.2060787677764893,0.05339672467551245,0.05339672467551245
103,[-0.39547944 -2.97577127  0.26670374],[-0.36220467 -0.50987681 -1.0566914 ],-0.857267680048955,1.1430318355560303,0.05357923000305969,0.05357923000305969
104,[-0.39553462 -2.97566582  0.26656221],[-0.36216389 -0.51011251 -1.05656879],-0.8601633022751519,1.2189760208129883,0.053760206392196995,0.053760206392196995
105,[-0.39559064 -2.97556038  0.26642264],[-0.36212214 -0.51034837 -1.05644602],-0.8630355275875,1.1290302276611328,0.05393972047421875,0.05393972047421875
106,[-0.3956475  -2.97545496  0.26628497],[-0.36207941 -0.5105844  -1.05632311],-0.8658853847646719,1.2130210399627686,0.054117836547791995,0.054117836547791995
107,[-0.39570519 -2.97534958  0.26614918],[-0.3620357  -0.51082061 -1.05620007],-0.8687138670139241,1.1249160766601562,0.054294616688370254,0.054294616688370254
108,[-0.3957637  -2.97524426  0.26601522],[-0.361991   -0.51105699 -1.0560769 ],-0.8715219336087224,1.2263548374176025,0.05447012085054515,0.05447012085054515
109,[-0.39582304 -2.975139    0.26588305],[-0.3619453  -0.51129357 -1.05595363],-0.874310511422064,1.1254570484161377,0.054644406963879,0.054644406963879
110,[-0.3958832  -2.97503384  0.26575263],[-0.36189862 -0.51153035 -1.05583025],-0.8770804963634107,1.2079050540924072,0.05481753102271317,0.05481753102271317
111,[-0.39594419 -2.97492877  0.26562392],[-0.36185094 -0.51176733 -1.05570678],-0.8798327547265581,1.122507095336914,0.05498954717040988,0.05498954717040988
112,[-0.396006   -2.97482381  0.2654969 ],[-0.36180227 -0.51200452 -1.05558324],-0.8825681244554021,1.2133140563964844,0.05516050777846263,0.05516050777846263
113,[-0.39606862 -2.97471898  0.26537151],[-0.36175261 -0.51224193 -1.05545961],-0.8852874163336995,1.1352150440216064,0.055330463520856216,0.055330463520856216
114,[-0.39613207 -2.97461428  0.26524774],[-0.36170196 -0.51247955 -1.05533593],-0.8879914151045252,1.2088079452514648,0.05549946344403282,0.05549946344403282
115,[-0.39619633 -2.97450973  0.26512553],[-0.36165033 -0.5127174  -1.05521219],-0.8906808805249756,1.1361339092254639,0.05566755503281098,0.05566755503281098
116,[-0.39626141 -2.97440533  0.26500487],[-0.36159772 -0.51295547 -1.05508841],-0.8933565483606779,1.2086181640625,0.05583478427254237,0.05583478427254237
117,[-0.3963273  -2.9743011   0.26488571],[-0.36154414 -0.51319377 -1.05496459],-0.8960191313247654,1.12864089012146,0.05600119570779784,0.05600119570779784
118,[-0.39639401 -2.97419704  0.26476802],[-0.3614896  -0.5134323  -1.05484074],-0.898669319965438,1.207503080368042,0.05616683249783987,0.05616683249783987
119,[-0.39646154 -2.97409317  0.26465178],[-0.36143409 -0.51367107 -1.05471687],-0.9013077835058498,1.1213059425354004,0.056331736469115615,0.056331736469115615
120,[-0.39652989 -2.97398948  0.26453695],[-0.36137764 -0.51391008 -1.054593  ],-0.9039351706397925,1.222628116607666,0.05649594816498703,0.05649594816498703
121,[-0.39659905 -2.97388599  0.26442349],[-0.36132025 -0.51414932 -1.05446911],-0.9065521102864551,1.1269190311431885,0.056659506892903444,0.056659506892903444
122,[-0.39666902 -2.97378271  0.26431139],[-0.36126193 -0.5143888  -1.05434524],-0.9091592123071469,1.2137022018432617,0.05682245076919668,0.05682245076919668
123,[-0.39673982 -2.97367963  0.26420061],[-0.36120269 -0.51462853 -1.05422137],-0.9117570681866933,1.1352686882019043,0.05698481676166833,0.05698481676166833
124,[-0.39681143 -2.97357677  0.26409112],[-0.36114253 -0.51486849 -1.05409753],-0.9143462516819955,1.220721960067749,0.057146640730124716,0.057146640730124716
125,[-0.39688386 -2.97347413  0.26398289],[-0.36108148 -0.5151087  -1.05397371],-0.9169273194400878,1.1517879962921143,0.057307957465005485,0.057307957465005485
126,[-0.39695711 -2.97337171  0.2638759 ],[-0.36101955 -0.51534915 -1.05384993],-0.9195008115877699,1.2344090938568115,0.057468800724235616,0.057468800724235616
127,[-0.39703117 -2.97326953  0.26377012],[-0.36095674 -0.51558984 -1.05372619],-0.922067252294637,1.1881427764892578,0.057629203268414815,0.057629203268414815
128,[-0.39710606 -2.97316757  0.26366552],[-0.36089307 -0.51583077 -1.05360249],-0.9246271503114882,1.2450628280639648,0.057789196894468015,0.057789196894468015
129,[-0.39718177 -2.97306585  0.26356208],[-0.36082855 -0.51607194 -1.05347886],-0.9271809994855472,1.1704068183898926,0.0579488124678467,0.0579488124678467
130,[-0.3972583  -2.97296438  0.26345977],[-0.3607632  -0.51631336 -1.05335529],-0.9297292792541654,1.2529442310333252,0.058108079953385336,0.058108079953385336
131,[-0.39733565 -2.97286314  0.26335856],[-0.36069702 -0.51655501 -1.05323178],-0.9322724551181917,1.2065761089324951,0.05826702844488698,0.05826702844488698
132,[-0.39741383 -2.97276215  0.26325844],[-0.36063004 -0.5167969  -1.05310835],-0.9348109790964856,1.2743198871612549,0.05842568619353035,0.05842568619353035
133,[-0.39749282 -2.97266141  0.26315937],[-0.36056227 -0.51703903 -1.05298501],-0.9373452901625774,1.215012788772583,0.05858408063516109,0.05858408063516109
134,[-0.39757265 -2.97256091  0.26306133],[-0.36049372 -0.51728139 -1.05286176],-0.9398758146646203,1.209256887435913,0.05874223841653877,0.05874223841653877
135,[-0.3976533  -2.97246067  0.26296431],[-0.36042441 -0.51752399 -1.0527386 ],-0.942402966729582,1.1002140045166016,0.058900185420598876,0.058900185420598876
136,[-0.39773477 -2.97236068  0.26286826],[-0.36035435 -0.51776683 -1.05261554],-0.9449271486526758,1.1974952220916748,0.05905794679079224,0.05905794679079224
137,[-0.39781707 -2.97226094  0.26277318],[-0.36028355 -0.51800989 -1.05249259],-0.9474487512726948,1.1809000968933105,0.059215546954543424,0.059215546954543424
138,[-0.3979002  -2.97216146  0.26267905],[-0.36021204 -0.51825318 -1.05236975],-0.949968154334225,1.315593957901001,0.05937300964588906,0.05937300964588906
139,[-0.39798416 -2.97206223  0.26258583],[-0.36013983 -0.5184967  -1.05224704],-0.9524857268372144,1.1256699562072754,0.0595303579273259,0.0595303579273259
140,[-0.39806895 -2.97196325  0.26249351],[-0.36006693 -0.51874045 -1.05212445],-0.9550018273748606,1.1957588195800781,0.05968761421092879,0.05968761421092879
141,[-0.39815457 -2.97186453  0.26240206],[-0.35999337 -0.51898441 -1.05200199],-0.9575168044600186,1.1278748512268066,0.059844800278751165,0.059844800278751165
142,[-0.39824102 -2.97176607  0.26231148],[-0.35991915 -0.5192286  -1.05187967],-0.9600309968410972,1.1702160835266113,0.06000193730256857,0.06000193730256857
143,[-0.3983283  -2.97166786  0.26222172],[-0.35984429 -0.51947301 -1.05175749],-0.9625447338076873,1.095139980316162,0.06015904586298046,0.06015904586298046
144,[-0.39841641 -2.97156991  0.26213279],[-0.3597688  -0.51971763 -1.05163546],-0.9650583354864471,1.1659648418426514,0.06031614596790295,0.06031614596790295
145,[-0.39850536 -2.97147221  0.26204465],[-0.35969272 -0.51996246 -1.05151359],-0.9675721131278046,1.1011326313018799,0.060473257070487785,0.060473257070487785
146,[-0.39859513 -2.97137477  0.26195728],[-0.35961604 -0.52020751 -1.05139188],-0.9700863693837144,1.1705169677734375,0.06063039808648215,0.06063039808648215
147,[-0.39868575 -2.97127758  0.26187067],[-0.35953878 -0.52045276 -1.05127033],-0.972601398577021,1.0951879024505615,0.06078758741106381,0.06078758741106381
148,[-0.39877719 -2.97118064  0.26178481],[-0.35946097 -0.52069822 -1.05114895],-0.9751174869626121,1.1677711009979248,0.06094484293516326,0.06094484293516326
149,[-0.39886948 -2.97108395  0.26169966],[-0.35938262 -0.52094389 -1.05102775],-0.9776349129808404,1.0947761535644531,0.061102182061302523,0.061102182061302523
150,[-0.39896259 -2.97098751  0.26161521],[-0.35930374 -0.52118975 -1.05090673],-0.980153947503433,1.1735498905181885,0.06125962171896456,0.06125962171896456
151,[-0.39905654 -2.97089132  0.26153145],[-0.35922435 -0.5214358  -1.0507859 ],-0.9826748540721504,1.0882036685943604,0.0614171783795094,0.0614171783795094
152,[-0.39915133 -2.97079538  0.26144835],[-0.35914447 -0.52168206 -1.05066526],-0.985197889130599,1.167719841003418,0.06157486807066244,0.06157486807066244
153,[-0.39924696 -2.97069969  0.26136591],[-0.35906411 -0.5219285  -1.05054481],-0.9877233022492656,1.0931918621063232,0.0617327063905791,0.0617327063905791
154,[-0.39934342 -2.97060424  0.2612841 ],[-0.35898329 -0.52217513 -1.05042457],-0.9902513363441094,1.1713690757751465,0.06189070852150684,0.06189070852150684
155,[-0.39944072 -2.97050903  0.2612029 ],[-0.35890202 -0.52242195 -1.05030453],-0.9927822278889759,1.0953516960144043,0.06204888924306099,0.06204888924306099
156,[-0.39953885 -2.97041407  0.2611223 ],[-0.35882032 -0.52266894 -1.05018471],-0.995316207121939,1.1651630401611328,0.06220726294512119,0.06220726294512119
157,[-0.39963782 -2.97031934  0.26104229],[-0.3587382  -0.52291612 -1.0500651 ],-0.997853498245767,1.089066982269287,0.062365843640360435,0.062365843640360435
158,[-0.39973763 -2.97022486  0.26096284],[-0.35865569 -0.52316347 -1.04994571],-1.0003943196227993,1.182405710220337,0.06252464497642496,0.06252464497642496
159,[-0.39983828 -2.97013061  0.26088395],[-0.35857279 -0.523411   -1.04982655],-1.0029388839643187,1.0902867317199707,0.06268368024776992,0.06268368024776992
160,[-0.39993977 -2.97003659  0.26080559],[-0.35848953 -0.5236587  -1.04970762],-1.0054873985145916,1.1733291149139404,0.06284296240716197,0.06284296240716197
161,[-0.40004209 -2.9699428   0.26072775],[-0.35840591 -0.52390656 -1.04958893],-1.0080400652297794,1.101118803024292,0.06300250407686121,0.06300250407686121
162,[-0.40014525 -2.96984925  0.26065042],[-0.35832196 -0.52415459 -1.04947048],-1.0105970809518057,1.165182113647461,0.06316231755948785,0.06316231755948785
163,[-0.40024924 -2.96975592  0.26057359],[-0.35823768 -0.52440277 -1.04935227],-1.0131586375773456,1.092344045639038,0.0633224148485841,0.0633224148485841
164,[-0.40035408 -2.96966282  0.26049723],[-0.3581531  -0.52465112 -1.04923431],-1.0157249222221345,1.1754498481750488,0.0634828076388834,0.0634828076388834
165,[-0.40045975 -2.96956995  0.26042133],[-0.35806822 -0.52489962 -1.04911661],-1.0182961173805718,1.1032848358154297,0.06364350733628574,0.06364350733628574
166,[-0.40056625 -2.96947729  0.26034588],[-0.35798307 -0.52514827 -1.04899917],-1.0208724010809458,1.1751999855041504,0.06380452506755911,0.06380452506755911
167,[-0.4006736  -2.96938486  0.26027087],[-0.35789765 -0.52539707 -1.04888199],-1.0234539470361719,1.1005439758300781,0.06396587168976074,0.06396587168976074
168,[-0.40078178 -2.96929264  0.26019628],[-0.35781199 -0.52564601 -1.04876507],-1.0260409247903481,1.1629092693328857,0.06412755779939676,0.06412755779939676
169,[-0.40089079 -2.96920064  0.2601221 ],[-0.35772609 -0.5258951  -1.04864843],-1.0286334998611675,1.1013028621673584,0.06428959374132297,0.06428959374132297
170,[-0.40100064 -2.96910885  0.26004831],[-0.35763997 -0.52614432 -1.04853207],-1.0312318338782123,1.1655278205871582,0.06445198961738827,0.06445198961738827
171,[-0.40111133 -2.96901727  0.25997491],[-0.35755365 -0.52639369 -1.04841599],-1.0338360847173433,1.1090459823608398,0.06461475529483396,0.06461475529483396
172,[-0.40122285 -2.9689259   0.25990187],[-0.35746713 -0.52664318 -1.04830019],-1.036446406631269,1.172546148300171,0.06477790041445432,0.06477790041445432
173,[-0.40133521 -2.96883473  0.2598292 ],[-0.35738044 -0.52689281 -1.04818469],-1.03906295037628,1.0938470363616943,0.0649414343985175,0.0649414343985175
174,[-0.4014484  -2.96874377  0.25975687],[-0.35729359 -0.52714256 -1.04806948],-1.041685863335398,1.1673250198364258,0.06510536645846238,0.06510536645846238
175,[-0.40156242 -2.96865301  0.25968487],[-0.35720659 -0.52739243 -1.04795457],-1.0443152896378514,1.0893852710723877,0.06526970560236571,0.06526970560236571
176,[-0.40167727 -2.96856245  0.25961319],[-0.35711945 -0.52764243 -1.04783996],-1.0469513702751452,1.204974889755249,0.06543446064219657,0.06543446064219657
177,[-0.40179296 -2.96847209  0.25954182],[-0.35703219 -0.52789255 -1.04772566],-1.0495942432136391,1.0928459167480469,0.06559964020085245,0.06559964020085245
178,[-0.40190948 -2.96838192  0.25947075],[-0.35694482 -0.52814278 -1.04761167],-1.0522440435038385,1.1665043830871582,0.0657652527189899,0.0657652527189899
179,[-0.40202683 -2.96829194  0.25939997],[-0.35685735 -0.52839312 -1.047498  ],-1.0549009033864134,1.0897531509399414,0.06593130646165084,0.06593130646165084
180,[-0.40214501 -2.96820215  0.25932946],[-0.35676981 -0.52864357 -1.04738465],-1.0575649523949673,1.1754770278930664,0.06609780952468546,0.06609780952468546
181,[-0.40226402 -2.96811255  0.25925922],[-0.35668219 -0.52889413 -1.04727162],-1.0602363174558143,1.0986871719360352,0.06626476984098839,0.06626476984098839
182,[-0.40238386 -2.96802313  0.25918923],[-0.35659451 -0.5291448  -1.04715893],-1.0629151229846274,1.1809470653533936,0.06643219518653921,0.06643219518653921
183,[-0.40250453 -2.9679339   0.25911948],[-0.35650679 -0.52939556 -1.04704656],-1.0656014909800842,1.0973329544067383,0.06660009318625526,0.06660009318625526
184,[-0.40262602 -2.96784485  0.25904997],[-0.35641904 -0.52964642 -1.04693454],-1.0682955411146902,1.1838366985321045,0.06676847131966814,0.06676847131966814
185,[-0.40274834 -2.96775597  0.25898067],[-0.35633127 -0.52989738 -1.04682285],-1.0709973908227308,1.1054527759552002,0.06693733692642068,0.06693733692642068
186,[-0.40287149 -2.96766728  0.25891159],[-0.35624349 -0.53014843 -1.04671151],-1.0737071553853568,1.178297996520996,0.0671066972115848,0.0671066972115848
187,[-0.40299546 -2.96757875  0.25884271],[-0.35615572 -0.53039957 -1.04660053],-1.0764249480130883,1.0918991565704346,0.06727655925081802,0.06727655925081802
188,[-0.40312025 -2.9674904   0.25877402],[-0.35606796 -0.53065079 -1.04648989],-1.0791508799255134,1.1793951988220215,0.06744692999534459,0.06744692999534459
189,[-0.40324587 -2.96740221  0.25870551],[-0.35598023 -0.5309021  -1.04637962],-1.0818850604285632,1.1014950275421143,0.0676178162767852,0.0676178162767852
190,[-0.40337231 -2.96731419  0.25863718],[-0.35589254 -0.5311535  -1.0462697 ],-1.084627596989026,1.181318759918213,0.06778922481181412,0.06778922481181412
191,[-0.40349957 -2.96722634  0.25856901],[-0.3558049  -0.53140497 -1.04616016],-1.0873785953067547,1.1049528121948242,0.06796116220667217,0.06796116220667217
192,[-0.40362765 -2.96713865  0.25850099],[-0.35571733 -0.53165652 -1.04605098],-1.0901381593843245,1.1681060791015625,0.06813363496152028,0.06813363496152028
193,[-0.40375655 -2.96705112  0.25843312],[-0.35562983 -0.53190814 -1.04594218],-1.0929063915943797,1.087249994277954,0.06830664947464873,0.06830664947464873
194,[-0.40388627 -2.96696374  0.25836538],[-0.35554242 -0.53215984 -1.04583376],-1.0956833927445802,1.1660490036010742,0.06848021204653626,0.06848021204653626
195,[-0.4040168  -2.96687653  0.25829777],[-0.3554551  -0.5324116  -1.04572572],-1.0984692621403256,1.0941121578216553,0.06865432888377035,0.06865432888377035
196,[-0.40414815 -2.96678946  0.25823027],[-0.35536789 -0.53266343 -1.04561807],-1.1012640976451948,1.1878128051757812,0.06882900610282468,0.06882900610282468
197,[-0.40428032 -2.96670255  0.25816289],[-0.3552808  -0.53291532 -1.04551082],-1.1040679957392157,1.0932841300964355,0.06900424973370098,0.06900424973370098
198,[-0.4044133  -2.96661578  0.2580956 ],[-0.35519384 -0.53316728 -1.04540395],-1.1068810515750533,1.178976058959961,0.06918006572344083,0.06918006572344083
199,[-0.40454709 -2.96652917  0.25802841],[-0.35510702 -0.53341929 -1.04529749],-1.1097033590319707,1.1013262271881104,0.06935645993949817,0.06935645993949817
